[2026-05-11 21:05:45] local.ERROR: file_put_contents(C:\Users\anura\Desktop\Collab\CollabX\storage\framework/sessions/WVJayNXgFzS3JDdJOzn26VDPW9KoIqytuZybSSf5): Failed to open stream: No such file or directory {"exception":"[object] (ErrorException(code: 0): file_put_contents(C:\\Users\\anura\\Desktop\\Collab\\CollabX\\storage\\framework/sessions/WVJayNXgFzS3JDdJOzn26VDPW9KoIqytuZybSSf5): Failed to open stream: No such file or directory at C:/Users/anura/Desktop/Collab/CollabX/vendor/laravel/framework/src/Illuminate/Filesystem/Filesystem.php:204)
[stacktrace]
#0 C:/Users/anura/Desktop/Collab/CollabX/vendor/laravel/framework/src/Illuminate/Foundation/Bootstrap/HandleExceptions.php(258): Illuminate/Foundation/Bootstrap/HandleExceptions->handleError(2, 'file_put_conten...', 'C://Users//anura//...', 204)
#1 [internal function]: Illuminate/Foundation/Bootstrap/HandleExceptions->Illuminate/Foundation/Bootstrap/{closure}(2, 'file_put_conten...', 'C://Users//anura//...', 204)
#2 C:/Users/anura/Desktop/Collab/CollabX/vendor/laravel/framework/src/Illuminate/Filesystem/Filesystem.php(204): file_put_contents('C://Users//anura//...', 'a:3:{s:6:\"_toke...', 2)
#3 C:/Users/anura/Desktop/Collab/CollabX/vendor/laravel/framework/src/Illuminate/Session/FileSessionHandler.php(90): Illuminate/Filesystem/Filesystem->put('C://Users//anura//...', 'a:3:{s:6:\"_toke...', true)
#4 C:/Users/anura/Desktop/Collab/CollabX/vendor/laravel/framework/src/Illuminate/Session/Store.php(176): Illuminate/Session/FileSessionHandler->write('WVJayNXgFzS3JDd...', 'a:3:{s:6:\"_toke...')
#5 C:/Users/anura/Desktop/Collab/CollabX/vendor/laravel/framework/src/Illuminate/Session/Middleware/StartSession.php(245): Illuminate/Session/Store->save()
#6 C:/Users/anura/Desktop/Collab/CollabX/vendor/laravel/framework/src/Illuminate/Session/Middleware/StartSession.php(130): Illuminate/Session/Middleware/StartSession->saveSession(Object(Illuminate/Http/Request))
#7 C:/Users/anura/Desktop/Collab/CollabX/vendor/laravel/framework/src/Illuminate/Session/Middleware/StartSession.php(64): Illuminate/Session/Middleware/StartSession->handleStatefulRequest(Object(Illuminate/Http/Request), Object(Illuminate/Session/Store), Object(Closure))
#8 C:/Users/anura/Desktop/Collab/CollabX/vendor/laravel/framework/src/Illuminate/Pipeline/Pipeline.php(209): Illuminate/Session/Middleware/StartSession->handle(Object(Illuminate/Http/Request), Object(Closure))
#9 C:/Users/anura/Desktop/Collab/CollabX/vendor/laravel/framework/src/Illuminate/Cookie/Middleware/AddQueuedCookiesToResponse.php(37): Illuminate/Pipeline/Pipeline->Illuminate/Pipeline/{closure}(Object(Illuminate/Http/Request))
#10 C:/Users/anura/Desktop/Collab/CollabX/vendor/laravel/framework/src/Illuminate/Pipeline/Pipeline.php(209): Illuminate/Cookie/Middleware/AddQueuedCookiesToResponse->handle(Object(Illuminate/Http/Request), Object(Closure))
#11 C:/Users/anura/Desktop/Collab/CollabX/vendor/laravel/framework/src/Illuminate/Cookie/Middleware/EncryptCookies.php(75): Illuminate/Pipeline/Pipeline->Illuminate/Pipeline/{closure}(Object(Illuminate/Http/Request))
#12 C:/Users/anura/Desktop/Collab/CollabX/vendor/laravel/framework/src/Illuminate/Pipeline/Pipeline.php(209): Illuminate/Cookie/Middleware/EncryptCookies->handle(Object(Illuminate/Http/Request), Object(Closure))
#13 C:/Users/anura/Desktop/Collab/CollabX/vendor/laravel/framework/src/Illuminate/Foundation/Http/Middleware/HandlePrecognitiveRequests.php(41): Illuminate/Pipeline/Pipeline->Illuminate/Pipeline/{closure}(Object(Illuminate/Http/Request))
#14 C:/Users/anura/Desktop/Collab/CollabX/vendor/laravel/framework/src/Illuminate/Pipeline/Pipeline.php(209): Illuminate/Foundation/Http/Middleware/HandlePrecognitiveRequests->handle(Object(Illuminate/Http/Request), Object(Closure))
#15 C:/Users/anura/Desktop/Collab/CollabX/vendor/laravel/framework/src/Illuminate/Pipeline/Pipeline.php(127): Illuminate/Pipeline/Pipeline->Illuminate/Pipeline/{closure}(Object(Illuminate/Http/Request))
#16 C:/Users/anura/Desktop/Collab/CollabX/vendor/laravel/framework/src/Illuminate/Routing/Router.php(807): Illuminate/Pipeline/Pipeline->then(Object(Closure))
#17 C:/Users/anura/Desktop/Collab/CollabX/vendor/laravel/framework/src/Illuminate/Routing/Router.php(786): Illuminate/Routing/Router->runRouteWithinStack(Object(Illuminate/Routing/Route), Object(Illuminate/Http/Request))
#18 C:/Users/anura/Desktop/Collab/CollabX/vendor/laravel/framework/src/Illuminate/Routing/Router.php(750): Illuminate/Routing/Router->runRoute(Object(Illuminate/Http/Request), Object(Illuminate/Routing/Route))
#19 C:/Users/anura/Desktop/Collab/CollabX/vendor/laravel/framework/src/Illuminate/Routing/Router.php(739): Illuminate/Routing/Router->dispatchToRoute(Object(Illuminate/Http/Request))
#20 C:/Users/anura/Desktop/Collab/CollabX/vendor/laravel/framework/src/Illuminate/Foundation/Http/Kernel.php(201): Illuminate/Routing/Router->dispatch(Object(Illuminate/Http/Request))
#21 C:/Users/anura/Desktop/Collab/CollabX/vendor/laravel/framework/src/Illuminate/Pipeline/Pipeline.php(170): Illuminate/Foundation/Http/Kernel->Illuminate/Foundation/Http/{closure}(Object(Illuminate/Http/Request))
#22 C:/Users/anura/Desktop/Collab/CollabX/vendor/laravel/framework/src/Illuminate/Foundation/Http/Middleware/TransformsRequest.php(21): Illuminate/Pipeline/Pipeline->Illuminate/Pipeline/{closure}(Object(Illuminate/Http/Request))
#23 C:/Users/anura/Desktop/Collab/CollabX/vendor/laravel/framework/src/Illuminate/Foundation/Http/Middleware/ConvertEmptyStringsToNull.php(31): Illuminate/Foundation/Http/Middleware/TransformsRequest->handle(Object(Illuminate/Http/Request), Object(Closure))
#24 C:/Users/anura/Desktop/Collab/CollabX/vendor/laravel/framework/src/Illuminate/Pipeline/Pipeline.php(209): Illuminate/Foundation/Http/Middleware/ConvertEmptyStringsToNull->handle(Object(Illuminate/Http/Request), Object(Closure))
#25 C:/Users/anura/Desktop/Collab/CollabX/vendor/laravel/framework/src/Illuminate/Foundation/Http/Middleware/TransformsRequest.php(21): Illuminate/Pipeline/Pipeline->Illuminate/Pipeline/{closure}(Object(Illuminate/Http/Request))
#26 C:/Users/anura/Desktop/Collab/CollabX/vendor/laravel/framework/src/Illuminate/Foundation/Http/Middleware/TrimStrings.php(51): Illuminate/Foundation/Http/Middleware/TransformsRequest->handle(Object(Illuminate/Http/Request), Object(Closure))
#27 C:/Users/anura/Desktop/Collab/CollabX/vendor/laravel/framework/src/Illuminate/Pipeline/Pipeline.php(209): Illuminate/Foundation/Http/Middleware/TrimStrings->handle(Object(Illuminate/Http/Request), Object(Closure))
#28 C:/Users/anura/Desktop/Collab/CollabX/vendor/laravel/framework/src/Illuminate/Http/Middleware/ValidatePostSize.php(27): Illuminate/Pipeline/Pipeline->Illuminate/Pipeline/{closure}(Object(Illuminate/Http/Request))
#29 C:/Users/anura/Desktop/Collab/CollabX/vendor/laravel/framework/src/Illuminate/Pipeline/Pipeline.php(209): Illuminate/Http/Middleware/ValidatePostSize->handle(Object(Illuminate/Http/Request), Object(Closure))
#30 C:/Users/anura/Desktop/Collab/CollabX/vendor/laravel/framework/src/Illuminate/Foundation/Http/Middleware/PreventRequestsDuringMaintenance.php(110): Illuminate/Pipeline/Pipeline->Illuminate/Pipeline/{closure}(Object(Illuminate/Http/Request))
#31 C:/Users/anura/Desktop/Collab/CollabX/vendor/laravel/framework/src/Illuminate/Pipeline/Pipeline.php(209): Illuminate/Foundation/Http/Middleware/PreventRequestsDuringMaintenance->handle(Object(Illuminate/Http/Request), Object(Closure))
#32 C:/Users/anura/Desktop/Collab/CollabX/vendor/laravel/framework/src/Illuminate/Http/Middleware/HandleCors.php(49): Illuminate/Pipeline/Pipeline->Illuminate/Pipeline/{closure}(Object(Illuminate/Http/Request))
#33 C:/Users/anura/Desktop/Collab/CollabX/vendor/laravel/framework/src/Illuminate/Pipeline/Pipeline.php(209): Illuminate/Http/Middleware/HandleCors->handle(Object(Illuminate/Http/Request), Object(Closure))
#34 C:/Users/anura/Desktop/Collab/CollabX/vendor/laravel/framework/src/Illuminate/Http/Middleware/TrustProxies.php(58): Illuminate/Pipeline/Pipeline->Illuminate/Pipeline/{closure}(Object(Illuminate/Http/Request))
#35 C:/Users/anura/Desktop/Collab/CollabX/vendor/laravel/framework/src/Illuminate/Pipeline/Pipeline.php(209): Illuminate/Http/Middleware/TrustProxies->handle(Object(Illuminate/Http/Request), Object(Closure))
#36 C:/Users/anura/Desktop/Collab/CollabX/vendor/itsgoingd/clockwork/Clockwork/Support/Laravel/ClockworkMiddleware.php(24): Illuminate/Pipeline/Pipeline->Illuminate/Pipeline/{closure}(Object(Illuminate/Http/Request))
#37 C:/Users/anura/Desktop/Collab/CollabX/vendor/laravel/framework/src/Illuminate/Pipeline/Pipeline.php(209): Clockwork/Support/Laravel/ClockworkMiddleware->handle(Object(Illuminate/Http/Request), Object(Closure))
#38 C:/Users/anura/Desktop/Collab/CollabX/vendor/laravel/framework/src/Illuminate/Pipeline/Pipeline.php(127): Illuminate/Pipeline/Pipeline->Illuminate/Pipeline/{closure}(Object(Illuminate/Http/Request))
#39 C:/Users/anura/Desktop/Collab/CollabX/vendor/laravel/framework/src/Illuminate/Foundation/Http/Kernel.php(176): Illuminate/Pipeline/Pipeline->then(Object(Closure))
#40 C:/Users/anura/Desktop/Collab/CollabX/vendor/laravel/framework/src/Illuminate/Foundation/Http/Kernel.php(145): Illuminate/Foundation/Http/Kernel->sendRequestThroughRouter(Object(Illuminate/Http/Request))
#41 C:/Users/anura/Desktop/Collab/CollabX/public/index.php(51): Illuminate/Foundation/Http/Kernel->handle(Object(Illuminate/Http/Request))
#42 C:/Users/anura/Desktop/Collab/CollabX/vendor/laravel/framework/src/Illuminate/Foundation/resources/server.php(23): require_once('C://Users//anura//...')
#43 {main}
"} 
[2026-05-11 21:05:48] local.ERROR: file_put_contents(C:\Users\anura\Desktop\Collab\CollabX\storage\framework/sessions/6rhpPA4mWOmKbkYSrjW87rSQcOmoJwE2LG9JO9cs): Failed to open stream: No such file or directory {"exception":"[object] (ErrorException(code: 0): file_put_contents(C:\\Users\\anura\\Desktop\\Collab\\CollabX\\storage\\framework/sessions/6rhpPA4mWOmKbkYSrjW87rSQcOmoJwE2LG9JO9cs): Failed to open stream: No such file or directory at C:/Users/anura/Desktop/Collab/CollabX/vendor/laravel/framework/src/Illuminate/Filesystem/Filesystem.php:204)
[stacktrace]
#0 C:/Users/anura/Desktop/Collab/CollabX/vendor/laravel/framework/src/Illuminate/Foundation/Bootstrap/HandleExceptions.php(258): Illuminate/Foundation/Bootstrap/HandleExceptions->handleError(2, 'file_put_conten...', 'C://Users//anura//...', 204)
#1 [internal function]: Illuminate/Foundation/Bootstrap/HandleExceptions->Illuminate/Foundation/Bootstrap/{closure}(2, 'file_put_conten...', 'C://Users//anura//...', 204)
#2 C:/Users/anura/Desktop/Collab/CollabX/vendor/laravel/framework/src/Illuminate/Filesystem/Filesystem.php(204): file_put_contents('C://Users//anura//...', 'a:3:{s:6:\"_toke...', 2)
#3 C:/Users/anura/Desktop/Collab/CollabX/vendor/laravel/framework/src/Illuminate/Session/FileSessionHandler.php(90): Illuminate/Filesystem/Filesystem->put('C://Users//anura//...', 'a:3:{s:6:\"_toke...', true)
#4 C:/Users/anura/Desktop/Collab/CollabX/vendor/laravel/framework/src/Illuminate/Session/Store.php(176): Illuminate/Session/FileSessionHandler->write('6rhpPA4mWOmKbkY...', 'a:3:{s:6:\"_toke...')
#5 C:/Users/anura/Desktop/Collab/CollabX/vendor/laravel/framework/src/Illuminate/Session/Middleware/StartSession.php(245): Illuminate/Session/Store->save()
#6 C:/Users/anura/Desktop/Collab/CollabX/vendor/laravel/framework/src/Illuminate/Session/Middleware/StartSession.php(130): Illuminate/Session/Middleware/StartSession->saveSession(Object(Illuminate/Http/Request))
#7 C:/Users/anura/Desktop/Collab/CollabX/vendor/laravel/framework/src/Illuminate/Session/Middleware/StartSession.php(64): Illuminate/Session/Middleware/StartSession->handleStatefulRequest(Object(Illuminate/Http/Request), Object(Illuminate/Session/Store), Object(Closure))
#8 C:/Users/anura/Desktop/Collab/CollabX/vendor/laravel/framework/src/Illuminate/Pipeline/Pipeline.php(209): Illuminate/Session/Middleware/StartSession->handle(Object(Illuminate/Http/Request), Object(Closure))
#9 C:/Users/anura/Desktop/Collab/CollabX/vendor/laravel/framework/src/Illuminate/Cookie/Middleware/AddQueuedCookiesToResponse.php(37): Illuminate/Pipeline/Pipeline->Illuminate/Pipeline/{closure}(Object(Illuminate/Http/Request))
#10 C:/Users/anura/Desktop/Collab/CollabX/vendor/laravel/framework/src/Illuminate/Pipeline/Pipeline.php(209): Illuminate/Cookie/Middleware/AddQueuedCookiesToResponse->handle(Object(Illuminate/Http/Request), Object(Closure))
#11 C:/Users/anura/Desktop/Collab/CollabX/vendor/laravel/framework/src/Illuminate/Cookie/Middleware/EncryptCookies.php(75): Illuminate/Pipeline/Pipeline->Illuminate/Pipeline/{closure}(Object(Illuminate/Http/Request))
#12 C:/Users/anura/Desktop/Collab/CollabX/vendor/laravel/framework/src/Illuminate/Pipeline/Pipeline.php(209): Illuminate/Cookie/Middleware/EncryptCookies->handle(Object(Illuminate/Http/Request), Object(Closure))
#13 C:/Users/anura/Desktop/Collab/CollabX/vendor/laravel/framework/src/Illuminate/Foundation/Http/Middleware/HandlePrecognitiveRequests.php(41): Illuminate/Pipeline/Pipeline->Illuminate/Pipeline/{closure}(Object(Illuminate/Http/Request))
#14 C:/Users/anura/Desktop/Collab/CollabX/vendor/laravel/framework/src/Illuminate/Pipeline/Pipeline.php(209): Illuminate/Foundation/Http/Middleware/HandlePrecognitiveRequests->handle(Object(Illuminate/Http/Request), Object(Closure))
#15 C:/Users/anura/Desktop/Collab/CollabX/vendor/laravel/framework/src/Illuminate/Pipeline/Pipeline.php(127): Illuminate/Pipeline/Pipeline->Illuminate/Pipeline/{closure}(Object(Illuminate/Http/Request))
#16 C:/Users/anura/Desktop/Collab/CollabX/vendor/laravel/framework/src/Illuminate/Routing/Router.php(807): Illuminate/Pipeline/Pipeline->then(Object(Closure))
#17 C:/Users/anura/Desktop/Collab/CollabX/vendor/laravel/framework/src/Illuminate/Routing/Router.php(786): Illuminate/Routing/Router->runRouteWithinStack(Object(Illuminate/Routing/Route), Object(Illuminate/Http/Request))
#18 C:/Users/anura/Desktop/Collab/CollabX/vendor/laravel/framework/src/Illuminate/Routing/Router.php(750): Illuminate/Routing/Router->runRoute(Object(Illuminate/Http/Request), Object(Illuminate/Routing/Route))
#19 C:/Users/anura/Desktop/Collab/CollabX/vendor/laravel/framework/src/Illuminate/Routing/Router.php(739): Illuminate/Routing/Router->dispatchToRoute(Object(Illuminate/Http/Request))
#20 C:/Users/anura/Desktop/Collab/CollabX/vendor/laravel/framework/src/Illuminate/Foundation/Http/Kernel.php(201): Illuminate/Routing/Router->dispatch(Object(Illuminate/Http/Request))
#21 C:/Users/anura/Desktop/Collab/CollabX/vendor/laravel/framework/src/Illuminate/Pipeline/Pipeline.php(170): Illuminate/Foundation/Http/Kernel->Illuminate/Foundation/Http/{closure}(Object(Illuminate/Http/Request))
#22 C:/Users/anura/Desktop/Collab/CollabX/vendor/laravel/framework/src/Illuminate/Foundation/Http/Middleware/TransformsRequest.php(21): Illuminate/Pipeline/Pipeline->Illuminate/Pipeline/{closure}(Object(Illuminate/Http/Request))
#23 C:/Users/anura/Desktop/Collab/CollabX/vendor/laravel/framework/src/Illuminate/Foundation/Http/Middleware/ConvertEmptyStringsToNull.php(31): Illuminate/Foundation/Http/Middleware/TransformsRequest->handle(Object(Illuminate/Http/Request), Object(Closure))
#24 C:/Users/anura/Desktop/Collab/CollabX/vendor/laravel/framework/src/Illuminate/Pipeline/Pipeline.php(209): Illuminate/Foundation/Http/Middleware/ConvertEmptyStringsToNull->handle(Object(Illuminate/Http/Request), Object(Closure))
#25 C:/Users/anura/Desktop/Collab/CollabX/vendor/laravel/framework/src/Illuminate/Foundation/Http/Middleware/TransformsRequest.php(21): Illuminate/Pipeline/Pipeline->Illuminate/Pipeline/{closure}(Object(Illuminate/Http/Request))
#26 C:/Users/anura/Desktop/Collab/CollabX/vendor/laravel/framework/src/Illuminate/Foundation/Http/Middleware/TrimStrings.php(51): Illuminate/Foundation/Http/Middleware/TransformsRequest->handle(Object(Illuminate/Http/Request), Object(Closure))
#27 C:/Users/anura/Desktop/Collab/CollabX/vendor/laravel/framework/src/Illuminate/Pipeline/Pipeline.php(209): Illuminate/Foundation/Http/Middleware/TrimStrings->handle(Object(Illuminate/Http/Request), Object(Closure))
#28 C:/Users/anura/Desktop/Collab/CollabX/vendor/laravel/framework/src/Illuminate/Http/Middleware/ValidatePostSize.php(27): Illuminate/Pipeline/Pipeline->Illuminate/Pipeline/{closure}(Object(Illuminate/Http/Request))
#29 C:/Users/anura/Desktop/Collab/CollabX/vendor/laravel/framework/src/Illuminate/Pipeline/Pipeline.php(209): Illuminate/Http/Middleware/ValidatePostSize->handle(Object(Illuminate/Http/Request), Object(Closure))
#30 C:/Users/anura/Desktop/Collab/CollabX/vendor/laravel/framework/src/Illuminate/Foundation/Http/Middleware/PreventRequestsDuringMaintenance.php(110): Illuminate/Pipeline/Pipeline->Illuminate/Pipeline/{closure}(Object(Illuminate/Http/Request))
#31 C:/Users/anura/Desktop/Collab/CollabX/vendor/laravel/framework/src/Illuminate/Pipeline/Pipeline.php(209): Illuminate/Foundation/Http/Middleware/PreventRequestsDuringMaintenance->handle(Object(Illuminate/Http/Request), Object(Closure))
#32 C:/Users/anura/Desktop/Collab/CollabX/vendor/laravel/framework/src/Illuminate/Http/Middleware/HandleCors.php(49): Illuminate/Pipeline/Pipeline->Illuminate/Pipeline/{closure}(Object(Illuminate/Http/Request))
#33 C:/Users/anura/Desktop/Collab/CollabX/vendor/laravel/framework/src/Illuminate/Pipeline/Pipeline.php(209): Illuminate/Http/Middleware/HandleCors->handle(Object(Illuminate/Http/Request), Object(Closure))
#34 C:/Users/anura/Desktop/Collab/CollabX/vendor/laravel/framework/src/Illuminate/Http/Middleware/TrustProxies.php(58): Illuminate/Pipeline/Pipeline->Illuminate/Pipeline/{closure}(Object(Illuminate/Http/Request))
#35 C:/Users/anura/Desktop/Collab/CollabX/vendor/laravel/framework/src/Illuminate/Pipeline/Pipeline.php(209): Illuminate/Http/Middleware/TrustProxies->handle(Object(Illuminate/Http/Request), Object(Closure))
#36 C:/Users/anura/Desktop/Collab/CollabX/vendor/itsgoingd/clockwork/Clockwork/Support/Laravel/ClockworkMiddleware.php(24): Illuminate/Pipeline/Pipeline->Illuminate/Pipeline/{closure}(Object(Illuminate/Http/Request))
#37 C:/Users/anura/Desktop/Collab/CollabX/vendor/laravel/framework/src/Illuminate/Pipeline/Pipeline.php(209): Clockwork/Support/Laravel/ClockworkMiddleware->handle(Object(Illuminate/Http/Request), Object(Closure))
#38 C:/Users/anura/Desktop/Collab/CollabX/vendor/laravel/framework/src/Illuminate/Pipeline/Pipeline.php(127): Illuminate/Pipeline/Pipeline->Illuminate/Pipeline/{closure}(Object(Illuminate/Http/Request))
#39 C:/Users/anura/Desktop/Collab/CollabX/vendor/laravel/framework/src/Illuminate/Foundation/Http/Kernel.php(176): Illuminate/Pipeline/Pipeline->then(Object(Closure))
#40 C:/Users/anura/Desktop/Collab/CollabX/vendor/laravel/framework/src/Illuminate/Foundation/Http/Kernel.php(145): Illuminate/Foundation/Http/Kernel->sendRequestThroughRouter(Object(Illuminate/Http/Request))
#41 C:/Users/anura/Desktop/Collab/CollabX/public/index.php(51): Illuminate/Foundation/Http/Kernel->handle(Object(Illuminate/Http/Request))
#42 C:/Users/anura/Desktop/Collab/CollabX/vendor/laravel/framework/src/Illuminate/Foundation/resources/server.php(23): require_once('C://Users//anura//...')
#43 {main}
"} 
[2026-05-11 21:08:38] local.ERROR: Connection could not be established with host "mailpit:1025": stream_socket_client(): php_network_getaddresses: getaddrinfo for mailpit failed: No such host is known.  {"userId":1,"exception":"[object] (Symfony\\Component\\Mailer\\Exception\\TransportException(code: 0): Connection could not be established with host \"mailpit:1025\": stream_socket_client(): php_network_getaddresses: getaddrinfo for mailpit failed: No such host is known.  at C:/Users/anura/Desktop/Collab/CollabX/vendor/symfony/mailer/Transport/Smtp/Stream/SocketStream.php:154)
[stacktrace]
#0 [internal function]: Symfony/Component/Mailer/Transport/Smtp/Stream/SocketStream->Symfony/Component/Mailer/Transport/Smtp/Stream/{closure}(2, 'stream_socket_c...', 'C://Users//anura//...', 157)
#1 C:/Users/anura/Desktop/Collab/CollabX/vendor/symfony/mailer/Transport/Smtp/Stream/SocketStream.php(157): stream_socket_client('mailpit:1025', 0, '', 60.0, 4, Resource id #1616)
#2 C:/Users/anura/Desktop/Collab/CollabX/vendor/symfony/mailer/Transport/Smtp/SmtpTransport.php(268): Symfony/Component/Mailer/Transport/Smtp/Stream/SocketStream->initialize()
#3 C:/Users/anura/Desktop/Collab/CollabX/vendor/symfony/mailer/Transport/Smtp/SmtpTransport.php(200): Symfony/Component/Mailer/Transport/Smtp/SmtpTransport->start()
#4 C:/Users/anura/Desktop/Collab/CollabX/vendor/symfony/mailer/Transport/AbstractTransport.php(69): Symfony/Component/Mailer/Transport/Smtp/SmtpTransport->doSend(Object(Symfony/Component/Mailer/SentMessage))
#5 C:/Users/anura/Desktop/Collab/CollabX/vendor/symfony/mailer/Transport/Smtp/SmtpTransport.php(138): Symfony/Component/Mailer/Transport/AbstractTransport->send(Object(Symfony/Component/Mime/Email), Object(Symfony/Component/Mailer/DelayedEnvelope))
#6 C:/Users/anura/Desktop/Collab/CollabX/vendor/laravel/framework/src/Illuminate/Mail/Mailer.php(585): Symfony/Component/Mailer/Transport/Smtp/SmtpTransport->send(Object(Symfony/Component/Mime/Email), Object(Symfony/Component/Mailer/DelayedEnvelope))
#7 C:/Users/anura/Desktop/Collab/CollabX/vendor/laravel/framework/src/Illuminate/Mail/Mailer.php(332): Illuminate/Mail/Mailer->sendSymfonyMessage(Object(Symfony/Component/Mime/Email))
#8 C:/Users/anura/Desktop/Collab/CollabX/vendor/laravel/framework/src/Illuminate/Notifications/Channels/MailChannel.php(67): Illuminate/Mail/Mailer->send(Object(Closure), Array, Object(Closure))
#9 C:/Users/anura/Desktop/Collab/CollabX/vendor/laravel/framework/src/Illuminate/Notifications/NotificationSender.php(148): Illuminate/Notifications/Channels/MailChannel->send(Object(App/Models/User), Object(App/Notifications/UserCreatedNotification))
#10 C:/Users/anura/Desktop/Collab/CollabX/vendor/laravel/framework/src/Illuminate/Notifications/NotificationSender.php(106): Illuminate/Notifications/NotificationSender->sendToNotifiable(Object(App/Models/User), '47aafb39-f0c8-4...', Object(App/Notifications/UserCreatedNotification), 'mail')
#11 C:/Users/anura/Desktop/Collab/CollabX/vendor/laravel/framework/src/Illuminate/Support/Traits/Localizable.php(19): Illuminate/Notifications/NotificationSender->Illuminate/Notifications/{closure}()
#12 C:/Users/anura/Desktop/Collab/CollabX/vendor/laravel/framework/src/Illuminate/Notifications/NotificationSender.php(101): Illuminate/Notifications/NotificationSender->withLocale(NULL, Object(Closure))
#13 C:/Users/anura/Desktop/Collab/CollabX/vendor/laravel/framework/src/Illuminate/Notifications/ChannelManager.php(54): Illuminate/Notifications/NotificationSender->sendNow(Object(Illuminate/Database/Eloquent/Collection), Object(App/Notifications/UserCreatedNotification), Array)
#14 C:/Users/anura/Desktop/Collab/CollabX/vendor/laravel/framework/src/Illuminate/Notifications/SendQueuedNotifications.php(119): Illuminate/Notifications/ChannelManager->sendNow(Object(Illuminate/Database/Eloquent/Collection), Object(App/Notifications/UserCreatedNotification), Array)
#15 C:/Users/anura/Desktop/Collab/CollabX/vendor/laravel/framework/src/Illuminate/Container/BoundMethod.php(36): Illuminate/Notifications/SendQueuedNotifications->handle(Object(Illuminate/Notifications/ChannelManager))
#16 C:/Users/anura/Desktop/Collab/CollabX/vendor/laravel/framework/src/Illuminate/Container/Util.php(43): Illuminate/Container/BoundMethod::Illuminate/Container/{closure}()
#17 C:/Users/anura/Desktop/Collab/CollabX/vendor/laravel/framework/src/Illuminate/Container/BoundMethod.php(95): Illuminate/Container/Util::unwrapIfClosure(Object(Closure))
#18 C:/Users/anura/Desktop/Collab/CollabX/vendor/laravel/framework/src/Illuminate/Container/BoundMethod.php(35): Illuminate/Container/BoundMethod::callBoundMethod(Object(Illuminate/Foundation/Application), Array, Object(Closure))
#19 C:/Users/anura/Desktop/Collab/CollabX/vendor/laravel/framework/src/Illuminate/Container/Container.php(696): Illuminate/Container/BoundMethod::call(Object(Illuminate/Foundation/Application), Array, Array, NULL)
#20 C:/Users/anura/Desktop/Collab/CollabX/vendor/laravel/framework/src/Illuminate/Bus/Dispatcher.php(126): Illuminate/Container/Container->call(Array)
#21 C:/Users/anura/Desktop/Collab/CollabX/vendor/laravel/framework/src/Illuminate/Pipeline/Pipeline.php(170): Illuminate/Bus/Dispatcher->Illuminate/Bus/{closure}(Object(Illuminate/Notifications/SendQueuedNotifications))
#22 C:/Users/anura/Desktop/Collab/CollabX/vendor/laravel/framework/src/Illuminate/Pipeline/Pipeline.php(127): Illuminate/Pipeline/Pipeline->Illuminate/Pipeline/{closure}(Object(Illuminate/Notifications/SendQueuedNotifications))
#23 C:/Users/anura/Desktop/Collab/CollabX/vendor/laravel/framework/src/Illuminate/Bus/Dispatcher.php(130): Illuminate/Pipeline/Pipeline->then(Object(Closure))
#24 C:/Users/anura/Desktop/Collab/CollabX/vendor/laravel/framework/src/Illuminate/Queue/CallQueuedHandler.php(126): Illuminate/Bus/Dispatcher->dispatchNow(Object(Illuminate/Notifications/SendQueuedNotifications), false)
#25 C:/Users/anura/Desktop/Collab/CollabX/vendor/laravel/framework/src/Illuminate/Pipeline/Pipeline.php(170): Illuminate/Queue/CallQueuedHandler->Illuminate/Queue/{closure}(Object(Illuminate/Notifications/SendQueuedNotifications))
#26 C:/Users/anura/Desktop/Collab/CollabX/vendor/laravel/framework/src/Illuminate/Pipeline/Pipeline.php(127): Illuminate/Pipeline/Pipeline->Illuminate/Pipeline/{closure}(Object(Illuminate/Notifications/SendQueuedNotifications))
#27 C:/Users/anura/Desktop/Collab/CollabX/vendor/laravel/framework/src/Illuminate/Queue/CallQueuedHandler.php(121): Illuminate/Pipeline/Pipeline->then(Object(Closure))
#28 C:/Users/anura/Desktop/Collab/CollabX/vendor/laravel/framework/src/Illuminate/Queue/CallQueuedHandler.php(69): Illuminate/Queue/CallQueuedHandler->dispatchThroughMiddleware(Object(Illuminate/Queue/Jobs/SyncJob), Object(Illuminate/Notifications/SendQueuedNotifications))
#29 C:/Users/anura/Desktop/Collab/CollabX/vendor/laravel/framework/src/Illuminate/Queue/Jobs/Job.php(102): Illuminate/Queue/CallQueuedHandler->call(Object(Illuminate/Queue/Jobs/SyncJob), Array)
#30 C:/Users/anura/Desktop/Collab/CollabX/vendor/laravel/framework/src/Illuminate/Queue/SyncQueue.php(76): Illuminate/Queue/Jobs/Job->fire()
#31 C:/Users/anura/Desktop/Collab/CollabX/vendor/laravel/framework/src/Illuminate/Queue/SyncQueue.php(56): Illuminate/Queue/SyncQueue->executeJob(Object(Illuminate/Notifications/SendQueuedNotifications), '', 'email')
#32 C:/Users/anura/Desktop/Collab/CollabX/vendor/laravel/framework/src/Illuminate/Bus/Dispatcher.php(244): Illuminate/Queue/SyncQueue->push(Object(Illuminate/Notifications/SendQueuedNotifications), '', 'email')
#33 C:/Users/anura/Desktop/Collab/CollabX/vendor/laravel/framework/src/Illuminate/Bus/Dispatcher.php(228): Illuminate/Bus/Dispatcher->pushCommandToQueue(Object(Illuminate/Queue/SyncQueue), Object(Illuminate/Notifications/SendQueuedNotifications))
#34 C:/Users/anura/Desktop/Collab/CollabX/vendor/laravel/framework/src/Illuminate/Bus/Dispatcher.php(77): Illuminate/Bus/Dispatcher->dispatchToQueue(Object(Illuminate/Notifications/SendQueuedNotifications))
#35 C:/Users/anura/Desktop/Collab/CollabX/vendor/laravel/framework/src/Illuminate/Notifications/NotificationSender.php(229): Illuminate/Bus/Dispatcher->dispatch(Object(Illuminate/Notifications/SendQueuedNotifications))
#36 C:/Users/anura/Desktop/Collab/CollabX/vendor/laravel/framework/src/Illuminate/Notifications/NotificationSender.php(76): Illuminate/Notifications/NotificationSender->queueNotification(Object(Illuminate/Database/Eloquent/Collection), Object(App/Notifications/UserCreatedNotification))
#37 C:/Users/anura/Desktop/Collab/CollabX/vendor/laravel/framework/src/Illuminate/Notifications/ChannelManager.php(39): Illuminate/Notifications/NotificationSender->send(Object(Illuminate/Database/Eloquent/Collection), Object(App/Notifications/UserCreatedNotification))
#38 C:/Users/anura/Desktop/Collab/CollabX/vendor/laravel/framework/src/Illuminate/Notifications/RoutesNotifications.php(18): Illuminate/Notifications/ChannelManager->send(Object(App/Models/User), Object(App/Notifications/UserCreatedNotification))
#39 C:/Users/anura/Desktop/Collab/CollabX/app/Listeners/SendEmailWithCredentials.php(15): App/Models/User->notify(Object(App/Notifications/UserCreatedNotification))
#40 C:/Users/anura/Desktop/Collab/CollabX/vendor/laravel/framework/src/Illuminate/Events/Dispatcher.php(479): App/Listeners/SendEmailWithCredentials->handle(Object(App/Events/UserCreated))
#41 C:/Users/anura/Desktop/Collab/CollabX/vendor/laravel/framework/src/Illuminate/Events/Dispatcher.php(287): Illuminate/Events/Dispatcher->Illuminate/Events/{closure}('App//Events//User...', Array)
#42 C:/Users/anura/Desktop/Collab/CollabX/vendor/laravel/framework/src/Illuminate/Events/Dispatcher.php(267): Illuminate/Events/Dispatcher->invokeListeners('App//Events//User...', Array, false)
#43 C:/Users/anura/Desktop/Collab/CollabX/vendor/laravel/framework/src/Illuminate/Foundation/helpers.php(473): Illuminate/Events/Dispatcher->dispatch('App//Events//User...')
#44 C:/Users/anura/Desktop/Collab/CollabX/vendor/laravel/framework/src/Illuminate/Foundation/Events/Dispatchable.php(14): event(Object(App/Events/UserCreated))
#45 C:/Users/anura/Desktop/Collab/CollabX/app/Actions/User/CreateUser.php(29): App/Events/UserCreated::dispatch(Object(App/Models/User), 'econbola')
#46 C:/Users/anura/Desktop/Collab/CollabX/vendor/laravel/framework/src/Illuminate/Database/Concerns/ManagesTransactions.php(32): App/Actions/User/CreateUser->App/Actions/User/{closure}(Object(Illuminate/Database/MySqlConnection))
#47 C:/Users/anura/Desktop/Collab/CollabX/vendor/laravel/framework/src/Illuminate/Database/DatabaseManager.php(495): Illuminate/Database/Connection->transaction(Object(Closure))
#48 C:/Users/anura/Desktop/Collab/CollabX/vendor/laravel/framework/src/Illuminate/Support/Facades/Facade.php(361): Illuminate/Database/DatabaseManager->__call('transaction', Array)
#49 C:/Users/anura/Desktop/Collab/CollabX/app/Actions/User/CreateUser.php(15): Illuminate/Support/Facades/Facade::__callStatic('transaction', Array)
#50 C:/Users/anura/Desktop/Collab/CollabX/app/Http/Controllers/UserController.php(43): App/Actions/User/CreateUser->create(Array)
#51 C:/Users/anura/Desktop/Collab/CollabX/vendor/laravel/framework/src/Illuminate/Routing/Controller.php(54): App/Http/Controllers/UserController->store(Object(App/Http/Requests/User/StoreUserRequest))
#52 C:/Users/anura/Desktop/Collab/CollabX/vendor/laravel/framework/src/Illuminate/Routing/ControllerDispatcher.php(44): Illuminate/Routing/Controller->callAction('store', Array)
#53 C:/Users/anura/Desktop/Collab/CollabX/vendor/laravel/framework/src/Illuminate/Routing/Route.php(266): Illuminate/Routing/ControllerDispatcher->dispatch(Object(Illuminate/Routing/Route), Object(App/Http/Controllers/UserController), 'store')
#54 C:/Users/anura/Desktop/Collab/CollabX/vendor/laravel/framework/src/Illuminate/Routing/Route.php(212): Illuminate/Routing/Route->runController()
#55 C:/Users/anura/Desktop/Collab/CollabX/vendor/laravel/framework/src/Illuminate/Routing/Router.php(808): Illuminate/Routing/Route->run()
#56 C:/Users/anura/Desktop/Collab/CollabX/vendor/laravel/framework/src/Illuminate/Pipeline/Pipeline.php(170): Illuminate/Routing/Router->Illuminate/Routing/{closure}(Object(Illuminate/Http/Request))
#57 C:/Users/anura/Desktop/Collab/CollabX/vendor/laravel/framework/src/Illuminate/Auth/Middleware/Authorize.php(60): Illuminate/Pipeline/Pipeline->Illuminate/Pipeline/{closure}(Object(Illuminate/Http/Request))
#58 C:/Users/anura/Desktop/Collab/CollabX/vendor/laravel/framework/src/Illuminate/Pipeline/Pipeline.php(209): Illuminate/Auth/Middleware/Authorize->handle(Object(Illuminate/Http/Request), Object(Closure), 'create', 'App//Models//User')
#59 C:/Users/anura/Desktop/Collab/CollabX/vendor/inertiajs/inertia-laravel/src/Middleware.php(87): Illuminate/Pipeline/Pipeline->Illuminate/Pipeline/{closure}(Object(Illuminate/Http/Request))
#60 C:/Users/anura/Desktop/Collab/CollabX/vendor/laravel/framework/src/Illuminate/Pipeline/Pipeline.php(209): Inertia/Middleware->handle(Object(Illuminate/Http/Request), Object(Closure))
#61 C:/Users/anura/Desktop/Collab/CollabX/vendor/laravel/framework/src/Illuminate/Routing/Middleware/SubstituteBindings.php(51): Illuminate/Pipeline/Pipeline->Illuminate/Pipeline/{closure}(Object(Illuminate/Http/Request))
#62 C:/Users/anura/Desktop/Collab/CollabX/vendor/laravel/framework/src/Illuminate/Pipeline/Pipeline.php(209): Illuminate/Routing/Middleware/SubstituteBindings->handle(Object(Illuminate/Http/Request), Object(Closure))
#63 C:/Users/anura/Desktop/Collab/CollabX/vendor/laravel/framework/src/Illuminate/Auth/Middleware/Authenticate.php(64): Illuminate/Pipeline/Pipeline->Illuminate/Pipeline/{closure}(Object(Illuminate/Http/Request))
#64 C:/Users/anura/Desktop/Collab/CollabX/vendor/laravel/framework/src/Illuminate/Pipeline/Pipeline.php(209): Illuminate/Auth/Middleware/Authenticate->handle(Object(Illuminate/Http/Request), Object(Closure), 'sanctum')
#65 C:/Users/anura/Desktop/Collab/CollabX/vendor/laravel/framework/src/Illuminate/Foundation/Http/Middleware/VerifyCsrfToken.php(88): Illuminate/Pipeline/Pipeline->Illuminate/Pipeline/{closure}(Object(Illuminate/Http/Request))
#66 C:/Users/anura/Desktop/Collab/CollabX/vendor/laravel/framework/src/Illuminate/Pipeline/Pipeline.php(209): Illuminate/Foundation/Http/Middleware/VerifyCsrfToken->handle(Object(Illuminate/Http/Request), Object(Closure))
#67 C:/Users/anura/Desktop/Collab/CollabX/vendor/laravel/framework/src/Illuminate/View/Middleware/ShareErrorsFromSession.php(49): Illuminate/Pipeline/Pipeline->Illuminate/Pipeline/{closure}(Object(Illuminate/Http/Request))
#68 C:/Users/anura/Desktop/Collab/CollabX/vendor/laravel/framework/src/Illuminate/Pipeline/Pipeline.php(209): Illuminate/View/Middleware/ShareErrorsFromSession->handle(Object(Illuminate/Http/Request), Object(Closure))
#69 C:/Users/anura/Desktop/Collab/CollabX/vendor/laravel/framework/src/Illuminate/Session/Middleware/StartSession.php(121): Illuminate/Pipeline/Pipeline->Illuminate/Pipeline/{closure}(Object(Illuminate/Http/Request))
#70 C:/Users/anura/Desktop/Collab/CollabX/vendor/laravel/framework/src/Illuminate/Session/Middleware/StartSession.php(64): Illuminate/Session/Middleware/StartSession->handleStatefulRequest(Object(Illuminate/Http/Request), Object(Illuminate/Session/Store), Object(Closure))
#71 C:/Users/anura/Desktop/Collab/CollabX/vendor/laravel/framework/src/Illuminate/Pipeline/Pipeline.php(209): Illuminate/Session/Middleware/StartSession->handle(Object(Illuminate/Http/Request), Object(Closure))
#72 C:/Users/anura/Desktop/Collab/CollabX/vendor/laravel/framework/src/Illuminate/Cookie/Middleware/AddQueuedCookiesToResponse.php(37): Illuminate/Pipeline/Pipeline->Illuminate/Pipeline/{closure}(Object(Illuminate/Http/Request))
#73 C:/Users/anura/Desktop/Collab/CollabX/vendor/laravel/framework/src/Illuminate/Pipeline/Pipeline.php(209): Illuminate/Cookie/Middleware/AddQueuedCookiesToResponse->handle(Object(Illuminate/Http/Request), Object(Closure))
#74 C:/Users/anura/Desktop/Collab/CollabX/vendor/laravel/framework/src/Illuminate/Cookie/Middleware/EncryptCookies.php(75): Illuminate/Pipeline/Pipeline->Illuminate/Pipeline/{closure}(Object(Illuminate/Http/Request))
#75 C:/Users/anura/Desktop/Collab/CollabX/vendor/laravel/framework/src/Illuminate/Pipeline/Pipeline.php(209): Illuminate/Cookie/Middleware/EncryptCookies->handle(Object(Illuminate/Http/Request), Object(Closure))
#76 C:/Users/anura/Desktop/Collab/CollabX/vendor/laravel/framework/src/Illuminate/Foundation/Http/Middleware/HandlePrecognitiveRequests.php(41): Illuminate/Pipeline/Pipeline->Illuminate/Pipeline/{closure}(Object(Illuminate/Http/Request))
#77 C:/Users/anura/Desktop/Collab/CollabX/vendor/laravel/framework/src/Illuminate/Pipeline/Pipeline.php(209): Illuminate/Foundation/Http/Middleware/HandlePrecognitiveRequests->handle(Object(Illuminate/Http/Request), Object(Closure))
#78 C:/Users/anura/Desktop/Collab/CollabX/vendor/laravel/framework/src/Illuminate/Pipeline/Pipeline.php(127): Illuminate/Pipeline/Pipeline->Illuminate/Pipeline/{closure}(Object(Illuminate/Http/Request))
#79 C:/Users/anura/Desktop/Collab/CollabX/vendor/laravel/framework/src/Illuminate/Routing/Router.php(807): Illuminate/Pipeline/Pipeline->then(Object(Closure))
#80 C:/Users/anura/Desktop/Collab/CollabX/vendor/laravel/framework/src/Illuminate/Routing/Router.php(786): Illuminate/Routing/Router->runRouteWithinStack(Object(Illuminate/Routing/Route), Object(Illuminate/Http/Request))
#81 C:/Users/anura/Desktop/Collab/CollabX/vendor/laravel/framework/src/Illuminate/Routing/Router.php(750): Illuminate/Routing/Router->runRoute(Object(Illuminate/Http/Request), Object(Illuminate/Routing/Route))
#82 C:/Users/anura/Desktop/Collab/CollabX/vendor/laravel/framework/src/Illuminate/Routing/Router.php(739): Illuminate/Routing/Router->dispatchToRoute(Object(Illuminate/Http/Request))
#83 C:/Users/anura/Desktop/Collab/CollabX/vendor/laravel/framework/src/Illuminate/Foundation/Http/Kernel.php(201): Illuminate/Routing/Router->dispatch(Object(Illuminate/Http/Request))
#84 C:/Users/anura/Desktop/Collab/CollabX/vendor/laravel/framework/src/Illuminate/Pipeline/Pipeline.php(170): Illuminate/Foundation/Http/Kernel->Illuminate/Foundation/Http/{closure}(Object(Illuminate/Http/Request))
#85 C:/Users/anura/Desktop/Collab/CollabX/vendor/laravel/framework/src/Illuminate/Foundation/Http/Middleware/TransformsRequest.php(21): Illuminate/Pipeline/Pipeline->Illuminate/Pipeline/{closure}(Object(Illuminate/Http/Request))
#86 C:/Users/anura/Desktop/Collab/CollabX/vendor/laravel/framework/src/Illuminate/Foundation/Http/Middleware/ConvertEmptyStringsToNull.php(31): Illuminate/Foundation/Http/Middleware/TransformsRequest->handle(Object(Illuminate/Http/Request), Object(Closure))
#87 C:/Users/anura/Desktop/Collab/CollabX/vendor/laravel/framework/src/Illuminate/Pipeline/Pipeline.php(209): Illuminate/Foundation/Http/Middleware/ConvertEmptyStringsToNull->handle(Object(Illuminate/Http/Request), Object(Closure))
#88 C:/Users/anura/Desktop/Collab/CollabX/vendor/laravel/framework/src/Illuminate/Foundation/Http/Middleware/TransformsRequest.php(21): Illuminate/Pipeline/Pipeline->Illuminate/Pipeline/{closure}(Object(Illuminate/Http/Request))
#89 C:/Users/anura/Desktop/Collab/CollabX/vendor/laravel/framework/src/Illuminate/Foundation/Http/Middleware/TrimStrings.php(51): Illuminate/Foundation/Http/Middleware/TransformsRequest->handle(Object(Illuminate/Http/Request), Object(Closure))
#90 C:/Users/anura/Desktop/Collab/CollabX/vendor/laravel/framework/src/Illuminate/Pipeline/Pipeline.php(209): Illuminate/Foundation/Http/Middleware/TrimStrings->handle(Object(Illuminate/Http/Request), Object(Closure))
#91 C:/Users/anura/Desktop/Collab/CollabX/vendor/laravel/framework/src/Illuminate/Http/Middleware/ValidatePostSize.php(27): Illuminate/Pipeline/Pipeline->Illuminate/Pipeline/{closure}(Object(Illuminate/Http/Request))
#92 C:/Users/anura/Desktop/Collab/CollabX/vendor/laravel/framework/src/Illuminate/Pipeline/Pipeline.php(209): Illuminate/Http/Middleware/ValidatePostSize->handle(Object(Illuminate/Http/Request), Object(Closure))
#93 C:/Users/anura/Desktop/Collab/CollabX/vendor/laravel/framework/src/Illuminate/Foundation/Http/Middleware/PreventRequestsDuringMaintenance.php(110): Illuminate/Pipeline/Pipeline->Illuminate/Pipeline/{closure}(Object(Illuminate/Http/Request))
#94 C:/Users/anura/Desktop/Collab/CollabX/vendor/laravel/framework/src/Illuminate/Pipeline/Pipeline.php(209): Illuminate/Foundation/Http/Middleware/PreventRequestsDuringMaintenance->handle(Object(Illuminate/Http/Request), Object(Closure))
#95 C:/Users/anura/Desktop/Collab/CollabX/vendor/laravel/framework/src/Illuminate/Http/Middleware/HandleCors.php(49): Illuminate/Pipeline/Pipeline->Illuminate/Pipeline/{closure}(Object(Illuminate/Http/Request))
#96 C:/Users/anura/Desktop/Collab/CollabX/vendor/laravel/framework/src/Illuminate/Pipeline/Pipeline.php(209): Illuminate/Http/Middleware/HandleCors->handle(Object(Illuminate/Http/Request), Object(Closure))
#97 C:/Users/anura/Desktop/Collab/CollabX/vendor/laravel/framework/src/Illuminate/Http/Middleware/TrustProxies.php(58): Illuminate/Pipeline/Pipeline->Illuminate/Pipeline/{closure}(Object(Illuminate/Http/Request))
#98 C:/Users/anura/Desktop/Collab/CollabX/vendor/laravel/framework/src/Illuminate/Pipeline/Pipeline.php(209): Illuminate/Http/Middleware/TrustProxies->handle(Object(Illuminate/Http/Request), Object(Closure))
#99 C:/Users/anura/Desktop/Collab/CollabX/vendor/itsgoingd/clockwork/Clockwork/Support/Laravel/ClockworkMiddleware.php(24): Illuminate/Pipeline/Pipeline->Illuminate/Pipeline/{closure}(Object(Illuminate/Http/Request))
#100 C:/Users/anura/Desktop/Collab/CollabX/vendor/laravel/framework/src/Illuminate/Pipeline/Pipeline.php(209): Clockwork/Support/Laravel/ClockworkMiddleware->handle(Object(Illuminate/Http/Request), Object(Closure))
#101 C:/Users/anura/Desktop/Collab/CollabX/vendor/laravel/framework/src/Illuminate/Pipeline/Pipeline.php(127): Illuminate/Pipeline/Pipeline->Illuminate/Pipeline/{closure}(Object(Illuminate/Http/Request))
#102 C:/Users/anura/Desktop/Collab/CollabX/vendor/laravel/framework/src/Illuminate/Foundation/Http/Kernel.php(176): Illuminate/Pipeline/Pipeline->then(Object(Closure))
#103 C:/Users/anura/Desktop/Collab/CollabX/vendor/laravel/framework/src/Illuminate/Foundation/Http/Kernel.php(145): Illuminate/Foundation/Http/Kernel->sendRequestThroughRouter(Object(Illuminate/Http/Request))
#104 C:/Users/anura/Desktop/Collab/CollabX/public/index.php(51): Illuminate/Foundation/Http/Kernel->handle(Object(Illuminate/Http/Request))
#105 C:/Users/anura/Desktop/Collab/CollabX/vendor/laravel/framework/src/Illuminate/Foundation/resources/server.php(23): require_once('C://Users//anura//...')
#106 {main}
"} 
[2026-05-11 21:16:33] local.ERROR: PHP Parse error: Syntax error, unexpected T_NS_SEPARATOR on line 2 {"exception":"[object] (Psy\\Exception\\ParseErrorException(code: 0): PHP Parse error: Syntax error, unexpected T_NS_SEPARATOR on line 2 at C:/Users/anura/Desktop/Collab/CollabX/vendor/psy/psysh/src/Exception/ParseErrorException.php:44)
[stacktrace]
#0 C:/Users/anura/Desktop/Collab/CollabX/vendor/psy/psysh/src/CodeCleaner.php(657): Psy/Exception/ParseErrorException::fromParseError(Object(PhpParser/Error))
#1 C:/Users/anura/Desktop/Collab/CollabX/vendor/psy/psysh/src/CodeCleaner.php(273): Psy/CodeCleaner->parse('<?php /n// = //App...', false)
#2 C:/Users/anura/Desktop/Collab/CollabX/vendor/psy/psysh/src/Shell.php(1358): Psy/CodeCleaner->clean(Array, false)
#3 C:/Users/anura/Desktop/Collab/CollabX/vendor/psy/psysh/src/Shell.php(1465): Psy/Shell->appendCode('/n// = //App//Model...', true, false)
#4 C:/Users/anura/Desktop/Collab/CollabX/vendor/psy/psysh/src/Shell.php(2173): Psy/Shell->setCode('/n// = //App//Model...', true)
#5 C:/Users/anura/Desktop/Collab/CollabX/vendor/laravel/tinker/src/Console/TinkerCommand.php(77): Psy/Shell->execute('/n// = //App//Model...')
#6 C:/Users/anura/Desktop/Collab/CollabX/vendor/laravel/framework/src/Illuminate/Container/BoundMethod.php(36): Laravel/Tinker/Console/TinkerCommand->handle()
#7 C:/Users/anura/Desktop/Collab/CollabX/vendor/laravel/framework/src/Illuminate/Container/Util.php(43): Illuminate/Container/BoundMethod::Illuminate/Container/{closure}()
#8 C:/Users/anura/Desktop/Collab/CollabX/vendor/laravel/framework/src/Illuminate/Container/BoundMethod.php(95): Illuminate/Container/Util::unwrapIfClosure(Object(Closure))
#9 C:/Users/anura/Desktop/Collab/CollabX/vendor/laravel/framework/src/Illuminate/Container/BoundMethod.php(35): Illuminate/Container/BoundMethod::callBoundMethod(Object(Illuminate/Foundation/Application), Array, Object(Closure))
#10 C:/Users/anura/Desktop/Collab/CollabX/vendor/laravel/framework/src/Illuminate/Container/Container.php(696): Illuminate/Container/BoundMethod::call(Object(Illuminate/Foundation/Application), Array, Array, NULL)
#11 C:/Users/anura/Desktop/Collab/CollabX/vendor/laravel/framework/src/Illuminate/Console/Command.php(213): Illuminate/Container/Container->call(Array)
#12 C:/Users/anura/Desktop/Collab/CollabX/vendor/symfony/console/Command/Command.php(341): Illuminate/Console/Command->execute(Object(Symfony/Component/Console/Input/ArgvInput), Object(Illuminate/Console/OutputStyle))
#13 C:/Users/anura/Desktop/Collab/CollabX/vendor/laravel/framework/src/Illuminate/Console/Command.php(182): Symfony/Component/Console/Command/Command->run(Object(Symfony/Component/Console/Input/ArgvInput), Object(Illuminate/Console/OutputStyle))
#14 C:/Users/anura/Desktop/Collab/CollabX/vendor/symfony/console/Application.php(1117): Illuminate/Console/Command->run(Object(Symfony/Component/Console/Input/ArgvInput), Object(Symfony/Component/Console/Output/ConsoleOutput))
#15 C:/Users/anura/Desktop/Collab/CollabX/vendor/symfony/console/Application.php(356): Symfony/Component/Console/Application->doRunCommand(Object(Laravel/Tinker/Console/TinkerCommand), Object(Symfony/Component/Console/Input/ArgvInput), Object(Symfony/Component/Console/Output/ConsoleOutput))
#16 C:/Users/anura/Desktop/Collab/CollabX/vendor/symfony/console/Application.php(195): Symfony/Component/Console/Application->doRun(Object(Symfony/Component/Console/Input/ArgvInput), Object(Symfony/Component/Console/Output/ConsoleOutput))
#17 C:/Users/anura/Desktop/Collab/CollabX/vendor/laravel/framework/src/Illuminate/Foundation/Console/Kernel.php(198): Symfony/Component/Console/Application->run(Object(Symfony/Component/Console/Input/ArgvInput), Object(Symfony/Component/Console/Output/ConsoleOutput))
#18 C:/Users/anura/Desktop/Collab/CollabX/artisan(35): Illuminate/Foundation/Console/Kernel->handle(Object(Symfony/Component/Console/Input/ArgvInput), Object(Symfony/Component/Console/Output/ConsoleOutput))
#19 {main}
"} 
[2026-05-11 21:24:43] local.ERROR: SQLSTATE[HY000]: General error: 1364 Field 'client_company_id' doesn't have a default value (Connection: mysql, SQL: insert into `projects` (`name`, `description`, `updated_at`, `created_at`) values (Web Platform Development, Complete redesign and development of the web platform with modern technologies and best practices., 2026-05-11 21:24:43, 2026-05-11 21:24:43)) {"exception":"[object] (Illuminate\\Database\\QueryException(code: HY000): SQLSTATE[HY000]: General error: 1364 Field 'client_company_id' doesn't have a default value (Connection: mysql, SQL: insert into `projects` (`name`, `description`, `updated_at`, `created_at`) values (Web Platform Development, Complete redesign and development of the web platform with modern technologies and best practices., 2026-05-11 21:24:43, 2026-05-11 21:24:43)) at C:/Users/anura/Desktop/Collab/CollabX/vendor/laravel/framework/src/Illuminate/Database/Connection.php:825)
[stacktrace]
#0 C:/Users/anura/Desktop/Collab/CollabX/vendor/laravel/framework/src/Illuminate/Database/Connection.php(779): Illuminate/Database/Connection->runQueryCallback('insert into `pr...', Array, Object(Closure))
#1 C:/Users/anura/Desktop/Collab/CollabX/vendor/laravel/framework/src/Illuminate/Database/MySqlConnection.php(42): Illuminate/Database/Connection->run('insert into `pr...', Array, Object(Closure))
#2 C:/Users/anura/Desktop/Collab/CollabX/vendor/laravel/framework/src/Illuminate/Database/Query/Processors/MySqlProcessor.php(35): Illuminate/Database/MySqlConnection->insert('insert into `pr...', Array, 'id')
#3 C:/Users/anura/Desktop/Collab/CollabX/vendor/laravel/framework/src/Illuminate/Database/Query/Builder.php(3766): Illuminate/Database/Query/Processors/MySqlProcessor->processInsertGetId(Object(Illuminate/Database/Query/Builder), 'insert into `pr...', Array, 'id')
#4 C:/Users/anura/Desktop/Collab/CollabX/vendor/laravel/framework/src/Illuminate/Database/Eloquent/Builder.php(2120): Illuminate/Database/Query/Builder->insertGetId(Array, 'id')
#5 C:/Users/anura/Desktop/Collab/CollabX/vendor/laravel/framework/src/Illuminate/Database/Eloquent/Model.php(1359): Illuminate/Database/Eloquent/Builder->__call('insertGetId', Array)
#6 C:/Users/anura/Desktop/Collab/CollabX/vendor/laravel/framework/src/Illuminate/Database/Eloquent/Model.php(1324): Illuminate/Database/Eloquent/Model->insertAndSetId(Object(Illuminate/Database/Eloquent/Builder), Array)
#7 C:/Users/anura/Desktop/Collab/CollabX/vendor/laravel/framework/src/Illuminate/Database/Eloquent/Model.php(1163): Illuminate/Database/Eloquent/Model->performInsert(Object(Illuminate/Database/Eloquent/Builder))
#8 C:/Users/anura/Desktop/Collab/CollabX/vendor/laravel/framework/src/Illuminate/Database/Eloquent/Builder.php(1128): Illuminate/Database/Eloquent/Model->save()
#9 C:/Users/anura/Desktop/Collab/CollabX/vendor/laravel/framework/src/Illuminate/Support/helpers.php(399): Illuminate/Database/Eloquent/Builder->Illuminate/Database/Eloquent/{closure}(Object(App/Models/Project))
#10 C:/Users/anura/Desktop/Collab/CollabX/vendor/laravel/framework/src/Illuminate/Database/Eloquent/Builder.php(1127): tap(Object(App/Models/Project), Object(Closure))
#11 C:/Users/anura/Desktop/Collab/CollabX/vendor/laravel/framework/src/Illuminate/Support/Traits/ForwardsCalls.php(23): Illuminate/Database/Eloquent/Builder->create(Array)
#12 C:/Users/anura/Desktop/Collab/CollabX/vendor/laravel/framework/src/Illuminate/Database/Eloquent/Model.php(2372): Illuminate/Database/Eloquent/Model->forwardCallTo(Object(Illuminate/Database/Eloquent/Builder), 'create', Array)
#13 C:/Users/anura/Desktop/Collab/CollabX/vendor/laravel/framework/src/Illuminate/Database/Eloquent/Model.php(2384): Illuminate/Database/Eloquent/Model->__call('create', Array)
#14 C:/Users/anura/Desktop/Collab/CollabX/create_project.php(16): Illuminate/Database/Eloquent/Model::__callStatic('create', Array)
#15 {main}

[previous exception] [object] (PDOException(code: HY000): SQLSTATE[HY000]: General error: 1364 Field 'client_company_id' doesn't have a default value at C:/Users/anura/Desktop/Collab/CollabX/vendor/laravel/framework/src/Illuminate/Database/MySqlConnection.php:53)
[stacktrace]
#0 C:/Users/anura/Desktop/Collab/CollabX/vendor/laravel/framework/src/Illuminate/Database/MySqlConnection.php(53): PDOStatement->execute()
#1 C:/Users/anura/Desktop/Collab/CollabX/vendor/laravel/framework/src/Illuminate/Database/Connection.php(812): Illuminate/Database/MySqlConnection->Illuminate/Database/{closure}('insert into `pr...', Array)
#2 C:/Users/anura/Desktop/Collab/CollabX/vendor/laravel/framework/src/Illuminate/Database/Connection.php(779): Illuminate/Database/Connection->runQueryCallback('insert into `pr...', Array, Object(Closure))
#3 C:/Users/anura/Desktop/Collab/CollabX/vendor/laravel/framework/src/Illuminate/Database/MySqlConnection.php(42): Illuminate/Database/Connection->run('insert into `pr...', Array, Object(Closure))
#4 C:/Users/anura/Desktop/Collab/CollabX/vendor/laravel/framework/src/Illuminate/Database/Query/Processors/MySqlProcessor.php(35): Illuminate/Database/MySqlConnection->insert('insert into `pr...', Array, 'id')
#5 C:/Users/anura/Desktop/Collab/CollabX/vendor/laravel/framework/src/Illuminate/Database/Query/Builder.php(3766): Illuminate/Database/Query/Processors/MySqlProcessor->processInsertGetId(Object(Illuminate/Database/Query/Builder), 'insert into `pr...', Array, 'id')
#6 C:/Users/anura/Desktop/Collab/CollabX/vendor/laravel/framework/src/Illuminate/Database/Eloquent/Builder.php(2120): Illuminate/Database/Query/Builder->insertGetId(Array, 'id')
#7 C:/Users/anura/Desktop/Collab/CollabX/vendor/laravel/framework/src/Illuminate/Database/Eloquent/Model.php(1359): Illuminate/Database/Eloquent/Builder->__call('insertGetId', Array)
#8 C:/Users/anura/Desktop/Collab/CollabX/vendor/laravel/framework/src/Illuminate/Database/Eloquent/Model.php(1324): Illuminate/Database/Eloquent/Model->insertAndSetId(Object(Illuminate/Database/Eloquent/Builder), Array)
#9 C:/Users/anura/Desktop/Collab/CollabX/vendor/laravel/framework/src/Illuminate/Database/Eloquent/Model.php(1163): Illuminate/Database/Eloquent/Model->performInsert(Object(Illuminate/Database/Eloquent/Builder))
#10 C:/Users/anura/Desktop/Collab/CollabX/vendor/laravel/framework/src/Illuminate/Database/Eloquent/Builder.php(1128): Illuminate/Database/Eloquent/Model->save()
#11 C:/Users/anura/Desktop/Collab/CollabX/vendor/laravel/framework/src/Illuminate/Support/helpers.php(399): Illuminate/Database/Eloquent/Builder->Illuminate/Database/Eloquent/{closure}(Object(App/Models/Project))
#12 C:/Users/anura/Desktop/Collab/CollabX/vendor/laravel/framework/src/Illuminate/Database/Eloquent/Builder.php(1127): tap(Object(App/Models/Project), Object(Closure))
#13 C:/Users/anura/Desktop/Collab/CollabX/vendor/laravel/framework/src/Illuminate/Support/Traits/ForwardsCalls.php(23): Illuminate/Database/Eloquent/Builder->create(Array)
#14 C:/Users/anura/Desktop/Collab/CollabX/vendor/laravel/framework/src/Illuminate/Database/Eloquent/Model.php(2372): Illuminate/Database/Eloquent/Model->forwardCallTo(Object(Illuminate/Database/Eloquent/Builder), 'create', Array)
#15 C:/Users/anura/Desktop/Collab/CollabX/vendor/laravel/framework/src/Illuminate/Database/Eloquent/Model.php(2384): Illuminate/Database/Eloquent/Model->__call('create', Array)
#16 C:/Users/anura/Desktop/Collab/CollabX/create_project.php(16): Illuminate/Database/Eloquent/Model::__callStatic('create', Array)
#17 {main}
"} 
[2026-05-11 21:24:58] local.ERROR: Attempt to read property "name" on null {"exception":"[object] (ErrorException(code: 0): Attempt to read property \"name\" on null at C:/Users/anura/Desktop/Collab/CollabX/app/Observers/ProjectObserver.php:18)
[stacktrace]
#0 C:/Users/anura/Desktop/Collab/CollabX/vendor/laravel/framework/src/Illuminate/Foundation/Bootstrap/HandleExceptions.php(258): Illuminate/Foundation/Bootstrap/HandleExceptions->handleError(2, 'Attempt to read...', 'C://Users//anura//...', 18)
#1 C:/Users/anura/Desktop/Collab/CollabX/app/Observers/ProjectObserver.php(18): Illuminate/Foundation/Bootstrap/HandleExceptions->Illuminate/Foundation/Bootstrap/{closure}(2, 'Attempt to read...', 'C://Users//anura//...', 18)
#2 C:/Users/anura/Desktop/Collab/CollabX/vendor/laravel/framework/src/Illuminate/Events/Dispatcher.php(479): App/Observers/ProjectObserver->created(Object(App/Models/Project))
#3 C:/Users/anura/Desktop/Collab/CollabX/vendor/laravel/framework/src/Illuminate/Events/Dispatcher.php(287): Illuminate/Events/Dispatcher->Illuminate/Events/{closure}('eloquent.create...', Array)
#4 C:/Users/anura/Desktop/Collab/CollabX/vendor/laravel/framework/src/Illuminate/Events/Dispatcher.php(267): Illuminate/Events/Dispatcher->invokeListeners('eloquent.create...', Array, false)
#5 C:/Users/anura/Desktop/Collab/CollabX/vendor/laravel/framework/src/Illuminate/Database/Eloquent/Concerns/HasEvents.php(224): Illuminate/Events/Dispatcher->dispatch('eloquent.create...', Array)
#6 C:/Users/anura/Desktop/Collab/CollabX/vendor/laravel/framework/src/Illuminate/Database/Eloquent/Model.php(1345): Illuminate/Database/Eloquent/Model->fireModelEvent('created', false)
#7 C:/Users/anura/Desktop/Collab/CollabX/vendor/laravel/framework/src/Illuminate/Database/Eloquent/Model.php(1163): Illuminate/Database/Eloquent/Model->performInsert(Object(Illuminate/Database/Eloquent/Builder))
#8 C:/Users/anura/Desktop/Collab/CollabX/vendor/laravel/framework/src/Illuminate/Database/Eloquent/Builder.php(1128): Illuminate/Database/Eloquent/Model->save()
#9 C:/Users/anura/Desktop/Collab/CollabX/vendor/laravel/framework/src/Illuminate/Support/helpers.php(399): Illuminate/Database/Eloquent/Builder->Illuminate/Database/Eloquent/{closure}(Object(App/Models/Project))
#10 C:/Users/anura/Desktop/Collab/CollabX/vendor/laravel/framework/src/Illuminate/Database/Eloquent/Builder.php(1127): tap(Object(App/Models/Project), Object(Closure))
#11 C:/Users/anura/Desktop/Collab/CollabX/vendor/laravel/framework/src/Illuminate/Support/Traits/ForwardsCalls.php(23): Illuminate/Database/Eloquent/Builder->create(Array)
#12 C:/Users/anura/Desktop/Collab/CollabX/vendor/laravel/framework/src/Illuminate/Database/Eloquent/Model.php(2372): Illuminate/Database/Eloquent/Model->forwardCallTo(Object(Illuminate/Database/Eloquent/Builder), 'create', Array)
#13 C:/Users/anura/Desktop/Collab/CollabX/vendor/laravel/framework/src/Illuminate/Database/Eloquent/Model.php(2384): Illuminate/Database/Eloquent/Model->__call('create', Array)
#14 C:/Users/anura/Desktop/Collab/CollabX/create_project.php(21): Illuminate/Database/Eloquent/Model::__callStatic('create', Array)
#15 {main}
"} 
[2026-05-12 07:47:30] local.ERROR: SQLSTATE[HY000] [2002] No connection could be made because the target machine actively refused it (Connection: mysql, SQL: select * from `sessions` where `id` = exjY6dfi8oyHOa4LaLbFUryWMNl4ABrqyr4Hyo9A limit 1) {"exception":"[object] (Illuminate\\Database\\QueryException(code: 2002): SQLSTATE[HY000] [2002] No connection could be made because the target machine actively refused it (Connection: mysql, SQL: select * from `sessions` where `id` = exjY6dfi8oyHOa4LaLbFUryWMNl4ABrqyr4Hyo9A limit 1) at C:/Users/anura/Desktop/Collab/CollabX/vendor/laravel/framework/src/Illuminate/Database/Connection.php:825)
[stacktrace]
#0 C:/Users/anura/Desktop/Collab/CollabX/vendor/laravel/framework/src/Illuminate/Database/Connection.php(979): Illuminate/Database/Connection->runQueryCallback('select * from `...', Array, Object(Closure))
#1 C:/Users/anura/Desktop/Collab/CollabX/vendor/laravel/framework/src/Illuminate/Database/Connection.php(958): Illuminate/Database/Connection->tryAgainIfCausedByLostConnection(Object(Illuminate/Database/QueryException), 'select * from `...', Array, Object(Closure))
#2 C:/Users/anura/Desktop/Collab/CollabX/vendor/laravel/framework/src/Illuminate/Database/Connection.php(781): Illuminate/Database/Connection->handleQueryException(Object(Illuminate/Database/QueryException), 'select * from `...', Array, Object(Closure))
#3 C:/Users/anura/Desktop/Collab/CollabX/vendor/laravel/framework/src/Illuminate/Database/Connection.php(398): Illuminate/Database/Connection->run('select * from `...', Array, Object(Closure))
#4 C:/Users/anura/Desktop/Collab/CollabX/vendor/laravel/framework/src/Illuminate/Database/Query/Builder.php(3106): Illuminate/Database/Connection->select('select * from `...', Array, false)
#5 C:/Users/anura/Desktop/Collab/CollabX/vendor/laravel/framework/src/Illuminate/Database/Query/Builder.php(3091): Illuminate/Database/Query/Builder->runSelect()
#6 C:/Users/anura/Desktop/Collab/CollabX/vendor/laravel/framework/src/Illuminate/Database/Query/Builder.php(3676): Illuminate/Database/Query/Builder->Illuminate/Database/Query/{closure}()
#7 C:/Users/anura/Desktop/Collab/CollabX/vendor/laravel/framework/src/Illuminate/Database/Query/Builder.php(3090): Illuminate/Database/Query/Builder->onceWithColumns(Array, Object(Closure))
#8 C:/Users/anura/Desktop/Collab/CollabX/vendor/laravel/framework/src/Illuminate/Database/Concerns/BuildsQueries.php(343): Illuminate/Database/Query/Builder->get(Array)
#9 C:/Users/anura/Desktop/Collab/CollabX/vendor/laravel/framework/src/Illuminate/Database/Query/Builder.php(3013): Illuminate/Database/Query/Builder->first(Array)
#10 C:/Users/anura/Desktop/Collab/CollabX/vendor/laravel/framework/src/Illuminate/Session/DatabaseSessionHandler.php(97): Illuminate/Database/Query/Builder->find('exjY6dfi8oyHOa4...')
#11 C:/Users/anura/Desktop/Collab/CollabX/vendor/laravel/framework/src/Illuminate/Session/Store.php(117): Illuminate/Session/DatabaseSessionHandler->read('exjY6dfi8oyHOa4...')
#12 C:/Users/anura/Desktop/Collab/CollabX/vendor/laravel/framework/src/Illuminate/Session/Store.php(105): Illuminate/Session/Store->readFromHandler()
#13 C:/Users/anura/Desktop/Collab/CollabX/vendor/laravel/framework/src/Illuminate/Session/Store.php(89): Illuminate/Session/Store->loadSession()
#14 C:/Users/anura/Desktop/Collab/CollabX/vendor/laravel/framework/src/Illuminate/Session/Middleware/StartSession.php(147): Illuminate/Session/Store->start()
#15 C:/Users/anura/Desktop/Collab/CollabX/vendor/laravel/framework/src/Illuminate/Support/helpers.php(399): Illuminate/Session/Middleware/StartSession->Illuminate/Session/Middleware/{closure}(Object(Illuminate/Session/Store))
#16 C:/Users/anura/Desktop/Collab/CollabX/vendor/laravel/framework/src/Illuminate/Session/Middleware/StartSession.php(144): tap(Object(Illuminate/Session/Store), Object(Closure))
#17 C:/Users/anura/Desktop/Collab/CollabX/vendor/laravel/framework/src/Illuminate/Session/Middleware/StartSession.php(116): Illuminate/Session/Middleware/StartSession->startSession(Object(Illuminate/Http/Request), Object(Illuminate/Session/Store))
#18 C:/Users/anura/Desktop/Collab/CollabX/vendor/laravel/framework/src/Illuminate/Session/Middleware/StartSession.php(64): Illuminate/Session/Middleware/StartSession->handleStatefulRequest(Object(Illuminate/Http/Request), Object(Illuminate/Session/Store), Object(Closure))
#19 C:/Users/anura/Desktop/Collab/CollabX/vendor/laravel/framework/src/Illuminate/Pipeline/Pipeline.php(209): Illuminate/Session/Middleware/StartSession->handle(Object(Illuminate/Http/Request), Object(Closure))
#20 C:/Users/anura/Desktop/Collab/CollabX/vendor/laravel/framework/src/Illuminate/Cookie/Middleware/AddQueuedCookiesToResponse.php(37): Illuminate/Pipeline/Pipeline->Illuminate/Pipeline/{closure}(Object(Illuminate/Http/Request))
#21 C:/Users/anura/Desktop/Collab/CollabX/vendor/laravel/framework/src/Illuminate/Pipeline/Pipeline.php(209): Illuminate/Cookie/Middleware/AddQueuedCookiesToResponse->handle(Object(Illuminate/Http/Request), Object(Closure))
#22 C:/Users/anura/Desktop/Collab/CollabX/vendor/laravel/framework/src/Illuminate/Cookie/Middleware/EncryptCookies.php(75): Illuminate/Pipeline/Pipeline->Illuminate/Pipeline/{closure}(Object(Illuminate/Http/Request))
#23 C:/Users/anura/Desktop/Collab/CollabX/vendor/laravel/framework/src/Illuminate/Pipeline/Pipeline.php(209): Illuminate/Cookie/Middleware/EncryptCookies->handle(Object(Illuminate/Http/Request), Object(Closure))
#24 C:/Users/anura/Desktop/Collab/CollabX/vendor/laravel/framework/src/Illuminate/Foundation/Http/Middleware/HandlePrecognitiveRequests.php(41): Illuminate/Pipeline/Pipeline->Illuminate/Pipeline/{closure}(Object(Illuminate/Http/Request))
#25 C:/Users/anura/Desktop/Collab/CollabX/vendor/laravel/framework/src/Illuminate/Pipeline/Pipeline.php(209): Illuminate/Foundation/Http/Middleware/HandlePrecognitiveRequests->handle(Object(Illuminate/Http/Request), Object(Closure))
#26 C:/Users/anura/Desktop/Collab/CollabX/vendor/laravel/framework/src/Illuminate/Pipeline/Pipeline.php(127): Illuminate/Pipeline/Pipeline->Illuminate/Pipeline/{closure}(Object(Illuminate/Http/Request))
#27 C:/Users/anura/Desktop/Collab/CollabX/vendor/laravel/framework/src/Illuminate/Routing/Router.php(807): Illuminate/Pipeline/Pipeline->then(Object(Closure))
#28 C:/Users/anura/Desktop/Collab/CollabX/vendor/laravel/framework/src/Illuminate/Routing/Router.php(786): Illuminate/Routing/Router->runRouteWithinStack(Object(Illuminate/Routing/Route), Object(Illuminate/Http/Request))
#29 C:/Users/anura/Desktop/Collab/CollabX/vendor/laravel/framework/src/Illuminate/Routing/Router.php(750): Illuminate/Routing/Router->runRoute(Object(Illuminate/Http/Request), Object(Illuminate/Routing/Route))
#30 C:/Users/anura/Desktop/Collab/CollabX/vendor/laravel/framework/src/Illuminate/Routing/Router.php(739): Illuminate/Routing/Router->dispatchToRoute(Object(Illuminate/Http/Request))
#31 C:/Users/anura/Desktop/Collab/CollabX/vendor/laravel/framework/src/Illuminate/Foundation/Http/Kernel.php(201): Illuminate/Routing/Router->dispatch(Object(Illuminate/Http/Request))
#32 C:/Users/anura/Desktop/Collab/CollabX/vendor/laravel/framework/src/Illuminate/Pipeline/Pipeline.php(170): Illuminate/Foundation/Http/Kernel->Illuminate/Foundation/Http/{closure}(Object(Illuminate/Http/Request))
#33 C:/Users/anura/Desktop/Collab/CollabX/vendor/laravel/framework/src/Illuminate/Foundation/Http/Middleware/TransformsRequest.php(21): Illuminate/Pipeline/Pipeline->Illuminate/Pipeline/{closure}(Object(Illuminate/Http/Request))
#34 C:/Users/anura/Desktop/Collab/CollabX/vendor/laravel/framework/src/Illuminate/Foundation/Http/Middleware/ConvertEmptyStringsToNull.php(31): Illuminate/Foundation/Http/Middleware/TransformsRequest->handle(Object(Illuminate/Http/Request), Object(Closure))
#35 C:/Users/anura/Desktop/Collab/CollabX/vendor/laravel/framework/src/Illuminate/Pipeline/Pipeline.php(209): Illuminate/Foundation/Http/Middleware/ConvertEmptyStringsToNull->handle(Object(Illuminate/Http/Request), Object(Closure))
#36 C:/Users/anura/Desktop/Collab/CollabX/vendor/laravel/framework/src/Illuminate/Foundation/Http/Middleware/TransformsRequest.php(21): Illuminate/Pipeline/Pipeline->Illuminate/Pipeline/{closure}(Object(Illuminate/Http/Request))
#37 C:/Users/anura/Desktop/Collab/CollabX/vendor/laravel/framework/src/Illuminate/Foundation/Http/Middleware/TrimStrings.php(51): Illuminate/Foundation/Http/Middleware/TransformsRequest->handle(Object(Illuminate/Http/Request), Object(Closure))
#38 C:/Users/anura/Desktop/Collab/CollabX/vendor/laravel/framework/src/Illuminate/Pipeline/Pipeline.php(209): Illuminate/Foundation/Http/Middleware/TrimStrings->handle(Object(Illuminate/Http/Request), Object(Closure))
#39 C:/Users/anura/Desktop/Collab/CollabX/vendor/laravel/framework/src/Illuminate/Http/Middleware/ValidatePostSize.php(27): Illuminate/Pipeline/Pipeline->Illuminate/Pipeline/{closure}(Object(Illuminate/Http/Request))
#40 C:/Users/anura/Desktop/Collab/CollabX/vendor/laravel/framework/src/Illuminate/Pipeline/Pipeline.php(209): Illuminate/Http/Middleware/ValidatePostSize->handle(Object(Illuminate/Http/Request), Object(Closure))
#41 C:/Users/anura/Desktop/Collab/CollabX/vendor/laravel/framework/src/Illuminate/Foundation/Http/Middleware/PreventRequestsDuringMaintenance.php(110): Illuminate/Pipeline/Pipeline->Illuminate/Pipeline/{closure}(Object(Illuminate/Http/Request))
#42 C:/Users/anura/Desktop/Collab/CollabX/vendor/laravel/framework/src/Illuminate/Pipeline/Pipeline.php(209): Illuminate/Foundation/Http/Middleware/PreventRequestsDuringMaintenance->handle(Object(Illuminate/Http/Request), Object(Closure))
#43 C:/Users/anura/Desktop/Collab/CollabX/vendor/laravel/framework/src/Illuminate/Http/Middleware/HandleCors.php(49): Illuminate/Pipeline/Pipeline->Illuminate/Pipeline/{closure}(Object(Illuminate/Http/Request))
#44 C:/Users/anura/Desktop/Collab/CollabX/vendor/laravel/framework/src/Illuminate/Pipeline/Pipeline.php(209): Illuminate/Http/Middleware/HandleCors->handle(Object(Illuminate/Http/Request), Object(Closure))
#45 C:/Users/anura/Desktop/Collab/CollabX/vendor/laravel/framework/src/Illuminate/Http/Middleware/TrustProxies.php(58): Illuminate/Pipeline/Pipeline->Illuminate/Pipeline/{closure}(Object(Illuminate/Http/Request))
#46 C:/Users/anura/Desktop/Collab/CollabX/vendor/laravel/framework/src/Illuminate/Pipeline/Pipeline.php(209): Illuminate/Http/Middleware/TrustProxies->handle(Object(Illuminate/Http/Request), Object(Closure))
#47 C:/Users/anura/Desktop/Collab/CollabX/vendor/itsgoingd/clockwork/Clockwork/Support/Laravel/ClockworkMiddleware.php(24): Illuminate/Pipeline/Pipeline->Illuminate/Pipeline/{closure}(Object(Illuminate/Http/Request))
#48 C:/Users/anura/Desktop/Collab/CollabX/vendor/laravel/framework/src/Illuminate/Pipeline/Pipeline.php(209): Clockwork/Support/Laravel/ClockworkMiddleware->handle(Object(Illuminate/Http/Request), Object(Closure))
#49 C:/Users/anura/Desktop/Collab/CollabX/vendor/laravel/framework/src/Illuminate/Pipeline/Pipeline.php(127): Illuminate/Pipeline/Pipeline->Illuminate/Pipeline/{closure}(Object(Illuminate/Http/Request))
#50 C:/Users/anura/Desktop/Collab/CollabX/vendor/laravel/framework/src/Illuminate/Foundation/Http/Kernel.php(176): Illuminate/Pipeline/Pipeline->then(Object(Closure))
#51 C:/Users/anura/Desktop/Collab/CollabX/vendor/laravel/framework/src/Illuminate/Foundation/Http/Kernel.php(145): Illuminate/Foundation/Http/Kernel->sendRequestThroughRouter(Object(Illuminate/Http/Request))
#52 C:/Users/anura/Desktop/Collab/CollabX/public/index.php(51): Illuminate/Foundation/Http/Kernel->handle(Object(Illuminate/Http/Request))
#53 C:/Users/anura/Desktop/Collab/CollabX/vendor/laravel/framework/src/Illuminate/Foundation/resources/server.php(23): require_once('C://Users//anura//...')
#54 {main}

[previous exception] [object] (PDOException(code: 2002): SQLSTATE[HY000] [2002] No connection could be made because the target machine actively refused it at C:/Users/anura/Desktop/Collab/CollabX/vendor/laravel/framework/src/Illuminate/Database/Connectors/Connector.php:66)
[stacktrace]
#0 C:/Users/anura/Desktop/Collab/CollabX/vendor/laravel/framework/src/Illuminate/Database/Connectors/Connector.php(66): PDO->__construct('mysql:host=127....', 'root', Object(SensitiveParameterValue), Array)
#1 C:/Users/anura/Desktop/Collab/CollabX/vendor/laravel/framework/src/Illuminate/Database/Connectors/Connector.php(85): Illuminate/Database/Connectors/Connector->createPdoConnection('mysql:host=127....', 'root', Object(SensitiveParameterValue), Array)
#2 C:/Users/anura/Desktop/Collab/CollabX/vendor/laravel/framework/src/Illuminate/Database/Connectors/Connector.php(48): Illuminate/Database/Connectors/Connector->tryAgainIfCausedByLostConnection(Object(PDOException), 'mysql:host=127....', 'root', Object(SensitiveParameterValue), Array)
#3 C:/Users/anura/Desktop/Collab/CollabX/vendor/laravel/framework/src/Illuminate/Database/Connectors/MySqlConnector.php(24): Illuminate/Database/Connectors/Connector->createConnection('mysql:host=127....', Array, Array)
#4 C:/Users/anura/Desktop/Collab/CollabX/vendor/laravel/framework/src/Illuminate/Database/Connectors/ConnectionFactory.php(185): Illuminate/Database/Connectors/MySqlConnector->connect(Array)
#5 [internal function]: Illuminate/Database/Connectors/ConnectionFactory->Illuminate/Database/Connectors/{closure}()
#6 C:/Users/anura/Desktop/Collab/CollabX/vendor/laravel/framework/src/Illuminate/Database/Connection.php(1231): call_user_func(Object(Closure))
#7 C:/Users/anura/Desktop/Collab/CollabX/vendor/laravel/framework/src/Illuminate/Database/Connection.php(512): Illuminate/Database/Connection->getPdo()
#8 C:/Users/anura/Desktop/Collab/CollabX/vendor/laravel/framework/src/Illuminate/Database/Connection.php(407): Illuminate/Database/Connection->getPdoForSelect(false)
#9 C:/Users/anura/Desktop/Collab/CollabX/vendor/laravel/framework/src/Illuminate/Database/Connection.php(812): Illuminate/Database/Connection->Illuminate/Database/{closure}('select * from `...', Array)
#10 C:/Users/anura/Desktop/Collab/CollabX/vendor/laravel/framework/src/Illuminate/Database/Connection.php(979): Illuminate/Database/Connection->runQueryCallback('select * from `...', Array, Object(Closure))
#11 C:/Users/anura/Desktop/Collab/CollabX/vendor/laravel/framework/src/Illuminate/Database/Connection.php(958): Illuminate/Database/Connection->tryAgainIfCausedByLostConnection(Object(Illuminate/Database/QueryException), 'select * from `...', Array, Object(Closure))
#12 C:/Users/anura/Desktop/Collab/CollabX/vendor/laravel/framework/src/Illuminate/Database/Connection.php(781): Illuminate/Database/Connection->handleQueryException(Object(Illuminate/Database/QueryException), 'select * from `...', Array, Object(Closure))
#13 C:/Users/anura/Desktop/Collab/CollabX/vendor/laravel/framework/src/Illuminate/Database/Connection.php(398): Illuminate/Database/Connection->run('select * from `...', Array, Object(Closure))
#14 C:/Users/anura/Desktop/Collab/CollabX/vendor/laravel/framework/src/Illuminate/Database/Query/Builder.php(3106): Illuminate/Database/Connection->select('select * from `...', Array, false)
#15 C:/Users/anura/Desktop/Collab/CollabX/vendor/laravel/framework/src/Illuminate/Database/Query/Builder.php(3091): Illuminate/Database/Query/Builder->runSelect()
#16 C:/Users/anura/Desktop/Collab/CollabX/vendor/laravel/framework/src/Illuminate/Database/Query/Builder.php(3676): Illuminate/Database/Query/Builder->Illuminate/Database/Query/{closure}()
#17 C:/Users/anura/Desktop/Collab/CollabX/vendor/laravel/framework/src/Illuminate/Database/Query/Builder.php(3090): Illuminate/Database/Query/Builder->onceWithColumns(Array, Object(Closure))
#18 C:/Users/anura/Desktop/Collab/CollabX/vendor/laravel/framework/src/Illuminate/Database/Concerns/BuildsQueries.php(343): Illuminate/Database/Query/Builder->get(Array)
#19 C:/Users/anura/Desktop/Collab/CollabX/vendor/laravel/framework/src/Illuminate/Database/Query/Builder.php(3013): Illuminate/Database/Query/Builder->first(Array)
#20 C:/Users/anura/Desktop/Collab/CollabX/vendor/laravel/framework/src/Illuminate/Session/DatabaseSessionHandler.php(97): Illuminate/Database/Query/Builder->find('exjY6dfi8oyHOa4...')
#21 C:/Users/anura/Desktop/Collab/CollabX/vendor/laravel/framework/src/Illuminate/Session/Store.php(117): Illuminate/Session/DatabaseSessionHandler->read('exjY6dfi8oyHOa4...')
#22 C:/Users/anura/Desktop/Collab/CollabX/vendor/laravel/framework/src/Illuminate/Session/Store.php(105): Illuminate/Session/Store->readFromHandler()
#23 C:/Users/anura/Desktop/Collab/CollabX/vendor/laravel/framework/src/Illuminate/Session/Store.php(89): Illuminate/Session/Store->loadSession()
#24 C:/Users/anura/Desktop/Collab/CollabX/vendor/laravel/framework/src/Illuminate/Session/Middleware/StartSession.php(147): Illuminate/Session/Store->start()
#25 C:/Users/anura/Desktop/Collab/CollabX/vendor/laravel/framework/src/Illuminate/Support/helpers.php(399): Illuminate/Session/Middleware/StartSession->Illuminate/Session/Middleware/{closure}(Object(Illuminate/Session/Store))
#26 C:/Users/anura/Desktop/Collab/CollabX/vendor/laravel/framework/src/Illuminate/Session/Middleware/StartSession.php(144): tap(Object(Illuminate/Session/Store), Object(Closure))
#27 C:/Users/anura/Desktop/Collab/CollabX/vendor/laravel/framework/src/Illuminate/Session/Middleware/StartSession.php(116): Illuminate/Session/Middleware/StartSession->startSession(Object(Illuminate/Http/Request), Object(Illuminate/Session/Store))
#28 C:/Users/anura/Desktop/Collab/CollabX/vendor/laravel/framework/src/Illuminate/Session/Middleware/StartSession.php(64): Illuminate/Session/Middleware/StartSession->handleStatefulRequest(Object(Illuminate/Http/Request), Object(Illuminate/Session/Store), Object(Closure))
#29 C:/Users/anura/Desktop/Collab/CollabX/vendor/laravel/framework/src/Illuminate/Pipeline/Pipeline.php(209): Illuminate/Session/Middleware/StartSession->handle(Object(Illuminate/Http/Request), Object(Closure))
#30 C:/Users/anura/Desktop/Collab/CollabX/vendor/laravel/framework/src/Illuminate/Cookie/Middleware/AddQueuedCookiesToResponse.php(37): Illuminate/Pipeline/Pipeline->Illuminate/Pipeline/{closure}(Object(Illuminate/Http/Request))
#31 C:/Users/anura/Desktop/Collab/CollabX/vendor/laravel/framework/src/Illuminate/Pipeline/Pipeline.php(209): Illuminate/Cookie/Middleware/AddQueuedCookiesToResponse->handle(Object(Illuminate/Http/Request), Object(Closure))
#32 C:/Users/anura/Desktop/Collab/CollabX/vendor/laravel/framework/src/Illuminate/Cookie/Middleware/EncryptCookies.php(75): Illuminate/Pipeline/Pipeline->Illuminate/Pipeline/{closure}(Object(Illuminate/Http/Request))
#33 C:/Users/anura/Desktop/Collab/CollabX/vendor/laravel/framework/src/Illuminate/Pipeline/Pipeline.php(209): Illuminate/Cookie/Middleware/EncryptCookies->handle(Object(Illuminate/Http/Request), Object(Closure))
#34 C:/Users/anura/Desktop/Collab/CollabX/vendor/laravel/framework/src/Illuminate/Foundation/Http/Middleware/HandlePrecognitiveRequests.php(41): Illuminate/Pipeline/Pipeline->Illuminate/Pipeline/{closure}(Object(Illuminate/Http/Request))
#35 C:/Users/anura/Desktop/Collab/CollabX/vendor/laravel/framework/src/Illuminate/Pipeline/Pipeline.php(209): Illuminate/Foundation/Http/Middleware/HandlePrecognitiveRequests->handle(Object(Illuminate/Http/Request), Object(Closure))
#36 C:/Users/anura/Desktop/Collab/CollabX/vendor/laravel/framework/src/Illuminate/Pipeline/Pipeline.php(127): Illuminate/Pipeline/Pipeline->Illuminate/Pipeline/{closure}(Object(Illuminate/Http/Request))
#37 C:/Users/anura/Desktop/Collab/CollabX/vendor/laravel/framework/src/Illuminate/Routing/Router.php(807): Illuminate/Pipeline/Pipeline->then(Object(Closure))
#38 C:/Users/anura/Desktop/Collab/CollabX/vendor/laravel/framework/src/Illuminate/Routing/Router.php(786): Illuminate/Routing/Router->runRouteWithinStack(Object(Illuminate/Routing/Route), Object(Illuminate/Http/Request))
#39 C:/Users/anura/Desktop/Collab/CollabX/vendor/laravel/framework/src/Illuminate/Routing/Router.php(750): Illuminate/Routing/Router->runRoute(Object(Illuminate/Http/Request), Object(Illuminate/Routing/Route))
#40 C:/Users/anura/Desktop/Collab/CollabX/vendor/laravel/framework/src/Illuminate/Routing/Router.php(739): Illuminate/Routing/Router->dispatchToRoute(Object(Illuminate/Http/Request))
#41 C:/Users/anura/Desktop/Collab/CollabX/vendor/laravel/framework/src/Illuminate/Foundation/Http/Kernel.php(201): Illuminate/Routing/Router->dispatch(Object(Illuminate/Http/Request))
#42 C:/Users/anura/Desktop/Collab/CollabX/vendor/laravel/framework/src/Illuminate/Pipeline/Pipeline.php(170): Illuminate/Foundation/Http/Kernel->Illuminate/Foundation/Http/{closure}(Object(Illuminate/Http/Request))
#43 C:/Users/anura/Desktop/Collab/CollabX/vendor/laravel/framework/src/Illuminate/Foundation/Http/Middleware/TransformsRequest.php(21): Illuminate/Pipeline/Pipeline->Illuminate/Pipeline/{closure}(Object(Illuminate/Http/Request))
#44 C:/Users/anura/Desktop/Collab/CollabX/vendor/laravel/framework/src/Illuminate/Foundation/Http/Middleware/ConvertEmptyStringsToNull.php(31): Illuminate/Foundation/Http/Middleware/TransformsRequest->handle(Object(Illuminate/Http/Request), Object(Closure))
#45 C:/Users/anura/Desktop/Collab/CollabX/vendor/laravel/framework/src/Illuminate/Pipeline/Pipeline.php(209): Illuminate/Foundation/Http/Middleware/ConvertEmptyStringsToNull->handle(Object(Illuminate/Http/Request), Object(Closure))
#46 C:/Users/anura/Desktop/Collab/CollabX/vendor/laravel/framework/src/Illuminate/Foundation/Http/Middleware/TransformsRequest.php(21): Illuminate/Pipeline/Pipeline->Illuminate/Pipeline/{closure}(Object(Illuminate/Http/Request))
#47 C:/Users/anura/Desktop/Collab/CollabX/vendor/laravel/framework/src/Illuminate/Foundation/Http/Middleware/TrimStrings.php(51): Illuminate/Foundation/Http/Middleware/TransformsRequest->handle(Object(Illuminate/Http/Request), Object(Closure))
#48 C:/Users/anura/Desktop/Collab/CollabX/vendor/laravel/framework/src/Illuminate/Pipeline/Pipeline.php(209): Illuminate/Foundation/Http/Middleware/TrimStrings->handle(Object(Illuminate/Http/Request), Object(Closure))
#49 C:/Users/anura/Desktop/Collab/CollabX/vendor/laravel/framework/src/Illuminate/Http/Middleware/ValidatePostSize.php(27): Illuminate/Pipeline/Pipeline->Illuminate/Pipeline/{closure}(Object(Illuminate/Http/Request))
#50 C:/Users/anura/Desktop/Collab/CollabX/vendor/laravel/framework/src/Illuminate/Pipeline/Pipeline.php(209): Illuminate/Http/Middleware/ValidatePostSize->handle(Object(Illuminate/Http/Request), Object(Closure))
#51 C:/Users/anura/Desktop/Collab/CollabX/vendor/laravel/framework/src/Illuminate/Foundation/Http/Middleware/PreventRequestsDuringMaintenance.php(110): Illuminate/Pipeline/Pipeline->Illuminate/Pipeline/{closure}(Object(Illuminate/Http/Request))
#52 C:/Users/anura/Desktop/Collab/CollabX/vendor/laravel/framework/src/Illuminate/Pipeline/Pipeline.php(209): Illuminate/Foundation/Http/Middleware/PreventRequestsDuringMaintenance->handle(Object(Illuminate/Http/Request), Object(Closure))
#53 C:/Users/anura/Desktop/Collab/CollabX/vendor/laravel/framework/src/Illuminate/Http/Middleware/HandleCors.php(49): Illuminate/Pipeline/Pipeline->Illuminate/Pipeline/{closure}(Object(Illuminate/Http/Request))
#54 C:/Users/anura/Desktop/Collab/CollabX/vendor/laravel/framework/src/Illuminate/Pipeline/Pipeline.php(209): Illuminate/Http/Middleware/HandleCors->handle(Object(Illuminate/Http/Request), Object(Closure))
#55 C:/Users/anura/Desktop/Collab/CollabX/vendor/laravel/framework/src/Illuminate/Http/Middleware/TrustProxies.php(58): Illuminate/Pipeline/Pipeline->Illuminate/Pipeline/{closure}(Object(Illuminate/Http/Request))
#56 C:/Users/anura/Desktop/Collab/CollabX/vendor/laravel/framework/src/Illuminate/Pipeline/Pipeline.php(209): Illuminate/Http/Middleware/TrustProxies->handle(Object(Illuminate/Http/Request), Object(Closure))
#57 C:/Users/anura/Desktop/Collab/CollabX/vendor/itsgoingd/clockwork/Clockwork/Support/Laravel/ClockworkMiddleware.php(24): Illuminate/Pipeline/Pipeline->Illuminate/Pipeline/{closure}(Object(Illuminate/Http/Request))
#58 C:/Users/anura/Desktop/Collab/CollabX/vendor/laravel/framework/src/Illuminate/Pipeline/Pipeline.php(209): Clockwork/Support/Laravel/ClockworkMiddleware->handle(Object(Illuminate/Http/Request), Object(Closure))
#59 C:/Users/anura/Desktop/Collab/CollabX/vendor/laravel/framework/src/Illuminate/Pipeline/Pipeline.php(127): Illuminate/Pipeline/Pipeline->Illuminate/Pipeline/{closure}(Object(Illuminate/Http/Request))
#60 C:/Users/anura/Desktop/Collab/CollabX/vendor/laravel/framework/src/Illuminate/Foundation/Http/Kernel.php(176): Illuminate/Pipeline/Pipeline->then(Object(Closure))
#61 C:/Users/anura/Desktop/Collab/CollabX/vendor/laravel/framework/src/Illuminate/Foundation/Http/Kernel.php(145): Illuminate/Foundation/Http/Kernel->sendRequestThroughRouter(Object(Illuminate/Http/Request))
#62 C:/Users/anura/Desktop/Collab/CollabX/public/index.php(51): Illuminate/Foundation/Http/Kernel->handle(Object(Illuminate/Http/Request))
#63 C:/Users/anura/Desktop/Collab/CollabX/vendor/laravel/framework/src/Illuminate/Foundation/resources/server.php(23): require_once('C://Users//anura//...')
#64 {main}
"} 
[2026-05-12 07:47:39] local.ERROR: SQLSTATE[HY000] [2002] No connection could be made because the target machine actively refused it (Connection: mysql, SQL: select * from `sessions` where `id` = 0ZjB5sO7pa95BYlGAPKXCKxBvLiPqMPh9JM5BUaB limit 1) {"exception":"[object] (Illuminate\\Database\\QueryException(code: 2002): SQLSTATE[HY000] [2002] No connection could be made because the target machine actively refused it (Connection: mysql, SQL: select * from `sessions` where `id` = 0ZjB5sO7pa95BYlGAPKXCKxBvLiPqMPh9JM5BUaB limit 1) at C:/Users/anura/Desktop/Collab/CollabX/vendor/laravel/framework/src/Illuminate/Database/Connection.php:825)
[stacktrace]
#0 C:/Users/anura/Desktop/Collab/CollabX/vendor/laravel/framework/src/Illuminate/Database/Connection.php(979): Illuminate/Database/Connection->runQueryCallback('select * from `...', Array, Object(Closure))
#1 C:/Users/anura/Desktop/Collab/CollabX/vendor/laravel/framework/src/Illuminate/Database/Connection.php(958): Illuminate/Database/Connection->tryAgainIfCausedByLostConnection(Object(Illuminate/Database/QueryException), 'select * from `...', Array, Object(Closure))
#2 C:/Users/anura/Desktop/Collab/CollabX/vendor/laravel/framework/src/Illuminate/Database/Connection.php(781): Illuminate/Database/Connection->handleQueryException(Object(Illuminate/Database/QueryException), 'select * from `...', Array, Object(Closure))
#3 C:/Users/anura/Desktop/Collab/CollabX/vendor/laravel/framework/src/Illuminate/Database/Connection.php(398): Illuminate/Database/Connection->run('select * from `...', Array, Object(Closure))
#4 C:/Users/anura/Desktop/Collab/CollabX/vendor/laravel/framework/src/Illuminate/Database/Query/Builder.php(3106): Illuminate/Database/Connection->select('select * from `...', Array, false)
#5 C:/Users/anura/Desktop/Collab/CollabX/vendor/laravel/framework/src/Illuminate/Database/Query/Builder.php(3091): Illuminate/Database/Query/Builder->runSelect()
#6 C:/Users/anura/Desktop/Collab/CollabX/vendor/laravel/framework/src/Illuminate/Database/Query/Builder.php(3676): Illuminate/Database/Query/Builder->Illuminate/Database/Query/{closure}()
#7 C:/Users/anura/Desktop/Collab/CollabX/vendor/laravel/framework/src/Illuminate/Database/Query/Builder.php(3090): Illuminate/Database/Query/Builder->onceWithColumns(Array, Object(Closure))
#8 C:/Users/anura/Desktop/Collab/CollabX/vendor/laravel/framework/src/Illuminate/Database/Concerns/BuildsQueries.php(343): Illuminate/Database/Query/Builder->get(Array)
#9 C:/Users/anura/Desktop/Collab/CollabX/vendor/laravel/framework/src/Illuminate/Database/Query/Builder.php(3013): Illuminate/Database/Query/Builder->first(Array)
#10 C:/Users/anura/Desktop/Collab/CollabX/vendor/laravel/framework/src/Illuminate/Session/DatabaseSessionHandler.php(97): Illuminate/Database/Query/Builder->find('0ZjB5sO7pa95BYl...')
#11 C:/Users/anura/Desktop/Collab/CollabX/vendor/laravel/framework/src/Illuminate/Session/Store.php(117): Illuminate/Session/DatabaseSessionHandler->read('0ZjB5sO7pa95BYl...')
#12 C:/Users/anura/Desktop/Collab/CollabX/vendor/laravel/framework/src/Illuminate/Session/Store.php(105): Illuminate/Session/Store->readFromHandler()
#13 C:/Users/anura/Desktop/Collab/CollabX/vendor/laravel/framework/src/Illuminate/Session/Store.php(89): Illuminate/Session/Store->loadSession()
#14 C:/Users/anura/Desktop/Collab/CollabX/vendor/laravel/framework/src/Illuminate/Session/Middleware/StartSession.php(147): Illuminate/Session/Store->start()
#15 C:/Users/anura/Desktop/Collab/CollabX/vendor/laravel/framework/src/Illuminate/Support/helpers.php(399): Illuminate/Session/Middleware/StartSession->Illuminate/Session/Middleware/{closure}(Object(Illuminate/Session/Store))
#16 C:/Users/anura/Desktop/Collab/CollabX/vendor/laravel/framework/src/Illuminate/Session/Middleware/StartSession.php(144): tap(Object(Illuminate/Session/Store), Object(Closure))
#17 C:/Users/anura/Desktop/Collab/CollabX/vendor/laravel/framework/src/Illuminate/Session/Middleware/StartSession.php(116): Illuminate/Session/Middleware/StartSession->startSession(Object(Illuminate/Http/Request), Object(Illuminate/Session/Store))
#18 C:/Users/anura/Desktop/Collab/CollabX/vendor/laravel/framework/src/Illuminate/Session/Middleware/StartSession.php(64): Illuminate/Session/Middleware/StartSession->handleStatefulRequest(Object(Illuminate/Http/Request), Object(Illuminate/Session/Store), Object(Closure))
#19 C:/Users/anura/Desktop/Collab/CollabX/vendor/laravel/framework/src/Illuminate/Pipeline/Pipeline.php(209): Illuminate/Session/Middleware/StartSession->handle(Object(Illuminate/Http/Request), Object(Closure))
#20 C:/Users/anura/Desktop/Collab/CollabX/vendor/laravel/framework/src/Illuminate/Cookie/Middleware/AddQueuedCookiesToResponse.php(37): Illuminate/Pipeline/Pipeline->Illuminate/Pipeline/{closure}(Object(Illuminate/Http/Request))
#21 C:/Users/anura/Desktop/Collab/CollabX/vendor/laravel/framework/src/Illuminate/Pipeline/Pipeline.php(209): Illuminate/Cookie/Middleware/AddQueuedCookiesToResponse->handle(Object(Illuminate/Http/Request), Object(Closure))
#22 C:/Users/anura/Desktop/Collab/CollabX/vendor/laravel/framework/src/Illuminate/Cookie/Middleware/EncryptCookies.php(75): Illuminate/Pipeline/Pipeline->Illuminate/Pipeline/{closure}(Object(Illuminate/Http/Request))
#23 C:/Users/anura/Desktop/Collab/CollabX/vendor/laravel/framework/src/Illuminate/Pipeline/Pipeline.php(209): Illuminate/Cookie/Middleware/EncryptCookies->handle(Object(Illuminate/Http/Request), Object(Closure))
#24 C:/Users/anura/Desktop/Collab/CollabX/vendor/laravel/framework/src/Illuminate/Foundation/Http/Middleware/HandlePrecognitiveRequests.php(41): Illuminate/Pipeline/Pipeline->Illuminate/Pipeline/{closure}(Object(Illuminate/Http/Request))
#25 C:/Users/anura/Desktop/Collab/CollabX/vendor/laravel/framework/src/Illuminate/Pipeline/Pipeline.php(209): Illuminate/Foundation/Http/Middleware/HandlePrecognitiveRequests->handle(Object(Illuminate/Http/Request), Object(Closure))
#26 C:/Users/anura/Desktop/Collab/CollabX/vendor/laravel/framework/src/Illuminate/Pipeline/Pipeline.php(127): Illuminate/Pipeline/Pipeline->Illuminate/Pipeline/{closure}(Object(Illuminate/Http/Request))
#27 C:/Users/anura/Desktop/Collab/CollabX/vendor/laravel/framework/src/Illuminate/Routing/Router.php(807): Illuminate/Pipeline/Pipeline->then(Object(Closure))
#28 C:/Users/anura/Desktop/Collab/CollabX/vendor/laravel/framework/src/Illuminate/Routing/Router.php(786): Illuminate/Routing/Router->runRouteWithinStack(Object(Illuminate/Routing/Route), Object(Illuminate/Http/Request))
#29 C:/Users/anura/Desktop/Collab/CollabX/vendor/laravel/framework/src/Illuminate/Routing/Router.php(750): Illuminate/Routing/Router->runRoute(Object(Illuminate/Http/Request), Object(Illuminate/Routing/Route))
#30 C:/Users/anura/Desktop/Collab/CollabX/vendor/laravel/framework/src/Illuminate/Routing/Router.php(739): Illuminate/Routing/Router->dispatchToRoute(Object(Illuminate/Http/Request))
#31 C:/Users/anura/Desktop/Collab/CollabX/vendor/laravel/framework/src/Illuminate/Foundation/Http/Kernel.php(201): Illuminate/Routing/Router->dispatch(Object(Illuminate/Http/Request))
#32 C:/Users/anura/Desktop/Collab/CollabX/vendor/laravel/framework/src/Illuminate/Pipeline/Pipeline.php(170): Illuminate/Foundation/Http/Kernel->Illuminate/Foundation/Http/{closure}(Object(Illuminate/Http/Request))
#33 C:/Users/anura/Desktop/Collab/CollabX/vendor/laravel/framework/src/Illuminate/Foundation/Http/Middleware/TransformsRequest.php(21): Illuminate/Pipeline/Pipeline->Illuminate/Pipeline/{closure}(Object(Illuminate/Http/Request))
#34 C:/Users/anura/Desktop/Collab/CollabX/vendor/laravel/framework/src/Illuminate/Foundation/Http/Middleware/ConvertEmptyStringsToNull.php(31): Illuminate/Foundation/Http/Middleware/TransformsRequest->handle(Object(Illuminate/Http/Request), Object(Closure))
#35 C:/Users/anura/Desktop/Collab/CollabX/vendor/laravel/framework/src/Illuminate/Pipeline/Pipeline.php(209): Illuminate/Foundation/Http/Middleware/ConvertEmptyStringsToNull->handle(Object(Illuminate/Http/Request), Object(Closure))
#36 C:/Users/anura/Desktop/Collab/CollabX/vendor/laravel/framework/src/Illuminate/Foundation/Http/Middleware/TransformsRequest.php(21): Illuminate/Pipeline/Pipeline->Illuminate/Pipeline/{closure}(Object(Illuminate/Http/Request))
#37 C:/Users/anura/Desktop/Collab/CollabX/vendor/laravel/framework/src/Illuminate/Foundation/Http/Middleware/TrimStrings.php(51): Illuminate/Foundation/Http/Middleware/TransformsRequest->handle(Object(Illuminate/Http/Request), Object(Closure))
#38 C:/Users/anura/Desktop/Collab/CollabX/vendor/laravel/framework/src/Illuminate/Pipeline/Pipeline.php(209): Illuminate/Foundation/Http/Middleware/TrimStrings->handle(Object(Illuminate/Http/Request), Object(Closure))
#39 C:/Users/anura/Desktop/Collab/CollabX/vendor/laravel/framework/src/Illuminate/Http/Middleware/ValidatePostSize.php(27): Illuminate/Pipeline/Pipeline->Illuminate/Pipeline/{closure}(Object(Illuminate/Http/Request))
#40 C:/Users/anura/Desktop/Collab/CollabX/vendor/laravel/framework/src/Illuminate/Pipeline/Pipeline.php(209): Illuminate/Http/Middleware/ValidatePostSize->handle(Object(Illuminate/Http/Request), Object(Closure))
#41 C:/Users/anura/Desktop/Collab/CollabX/vendor/laravel/framework/src/Illuminate/Foundation/Http/Middleware/PreventRequestsDuringMaintenance.php(110): Illuminate/Pipeline/Pipeline->Illuminate/Pipeline/{closure}(Object(Illuminate/Http/Request))
#42 C:/Users/anura/Desktop/Collab/CollabX/vendor/laravel/framework/src/Illuminate/Pipeline/Pipeline.php(209): Illuminate/Foundation/Http/Middleware/PreventRequestsDuringMaintenance->handle(Object(Illuminate/Http/Request), Object(Closure))
#43 C:/Users/anura/Desktop/Collab/CollabX/vendor/laravel/framework/src/Illuminate/Http/Middleware/HandleCors.php(49): Illuminate/Pipeline/Pipeline->Illuminate/Pipeline/{closure}(Object(Illuminate/Http/Request))
#44 C:/Users/anura/Desktop/Collab/CollabX/vendor/laravel/framework/src/Illuminate/Pipeline/Pipeline.php(209): Illuminate/Http/Middleware/HandleCors->handle(Object(Illuminate/Http/Request), Object(Closure))
#45 C:/Users/anura/Desktop/Collab/CollabX/vendor/laravel/framework/src/Illuminate/Http/Middleware/TrustProxies.php(58): Illuminate/Pipeline/Pipeline->Illuminate/Pipeline/{closure}(Object(Illuminate/Http/Request))
#46 C:/Users/anura/Desktop/Collab/CollabX/vendor/laravel/framework/src/Illuminate/Pipeline/Pipeline.php(209): Illuminate/Http/Middleware/TrustProxies->handle(Object(Illuminate/Http/Request), Object(Closure))
#47 C:/Users/anura/Desktop/Collab/CollabX/vendor/itsgoingd/clockwork/Clockwork/Support/Laravel/ClockworkMiddleware.php(24): Illuminate/Pipeline/Pipeline->Illuminate/Pipeline/{closure}(Object(Illuminate/Http/Request))
#48 C:/Users/anura/Desktop/Collab/CollabX/vendor/laravel/framework/src/Illuminate/Pipeline/Pipeline.php(209): Clockwork/Support/Laravel/ClockworkMiddleware->handle(Object(Illuminate/Http/Request), Object(Closure))
#49 C:/Users/anura/Desktop/Collab/CollabX/vendor/laravel/framework/src/Illuminate/Pipeline/Pipeline.php(127): Illuminate/Pipeline/Pipeline->Illuminate/Pipeline/{closure}(Object(Illuminate/Http/Request))
#50 C:/Users/anura/Desktop/Collab/CollabX/vendor/laravel/framework/src/Illuminate/Foundation/Http/Kernel.php(176): Illuminate/Pipeline/Pipeline->then(Object(Closure))
#51 C:/Users/anura/Desktop/Collab/CollabX/vendor/laravel/framework/src/Illuminate/Foundation/Http/Kernel.php(145): Illuminate/Foundation/Http/Kernel->sendRequestThroughRouter(Object(Illuminate/Http/Request))
#52 C:/Users/anura/Desktop/Collab/CollabX/public/index.php(51): Illuminate/Foundation/Http/Kernel->handle(Object(Illuminate/Http/Request))
#53 C:/Users/anura/Desktop/Collab/CollabX/vendor/laravel/framework/src/Illuminate/Foundation/resources/server.php(23): require_once('C://Users//anura//...')
#54 {main}

[previous exception] [object] (PDOException(code: 2002): SQLSTATE[HY000] [2002] No connection could be made because the target machine actively refused it at C:/Users/anura/Desktop/Collab/CollabX/vendor/laravel/framework/src/Illuminate/Database/Connectors/Connector.php:66)
[stacktrace]
#0 C:/Users/anura/Desktop/Collab/CollabX/vendor/laravel/framework/src/Illuminate/Database/Connectors/Connector.php(66): PDO->__construct('mysql:host=127....', 'root', Object(SensitiveParameterValue), Array)
#1 C:/Users/anura/Desktop/Collab/CollabX/vendor/laravel/framework/src/Illuminate/Database/Connectors/Connector.php(85): Illuminate/Database/Connectors/Connector->createPdoConnection('mysql:host=127....', 'root', Object(SensitiveParameterValue), Array)
#2 C:/Users/anura/Desktop/Collab/CollabX/vendor/laravel/framework/src/Illuminate/Database/Connectors/Connector.php(48): Illuminate/Database/Connectors/Connector->tryAgainIfCausedByLostConnection(Object(PDOException), 'mysql:host=127....', 'root', Object(SensitiveParameterValue), Array)
#3 C:/Users/anura/Desktop/Collab/CollabX/vendor/laravel/framework/src/Illuminate/Database/Connectors/MySqlConnector.php(24): Illuminate/Database/Connectors/Connector->createConnection('mysql:host=127....', Array, Array)
#4 C:/Users/anura/Desktop/Collab/CollabX/vendor/laravel/framework/src/Illuminate/Database/Connectors/ConnectionFactory.php(185): Illuminate/Database/Connectors/MySqlConnector->connect(Array)
#5 [internal function]: Illuminate/Database/Connectors/ConnectionFactory->Illuminate/Database/Connectors/{closure}()
#6 C:/Users/anura/Desktop/Collab/CollabX/vendor/laravel/framework/src/Illuminate/Database/Connection.php(1231): call_user_func(Object(Closure))
#7 C:/Users/anura/Desktop/Collab/CollabX/vendor/laravel/framework/src/Illuminate/Database/Connection.php(512): Illuminate/Database/Connection->getPdo()
#8 C:/Users/anura/Desktop/Collab/CollabX/vendor/laravel/framework/src/Illuminate/Database/Connection.php(407): Illuminate/Database/Connection->getPdoForSelect(false)
#9 C:/Users/anura/Desktop/Collab/CollabX/vendor/laravel/framework/src/Illuminate/Database/Connection.php(812): Illuminate/Database/Connection->Illuminate/Database/{closure}('select * from `...', Array)
#10 C:/Users/anura/Desktop/Collab/CollabX/vendor/laravel/framework/src/Illuminate/Database/Connection.php(979): Illuminate/Database/Connection->runQueryCallback('select * from `...', Array, Object(Closure))
#11 C:/Users/anura/Desktop/Collab/CollabX/vendor/laravel/framework/src/Illuminate/Database/Connection.php(958): Illuminate/Database/Connection->tryAgainIfCausedByLostConnection(Object(Illuminate/Database/QueryException), 'select * from `...', Array, Object(Closure))
#12 C:/Users/anura/Desktop/Collab/CollabX/vendor/laravel/framework/src/Illuminate/Database/Connection.php(781): Illuminate/Database/Connection->handleQueryException(Object(Illuminate/Database/QueryException), 'select * from `...', Array, Object(Closure))
#13 C:/Users/anura/Desktop/Collab/CollabX/vendor/laravel/framework/src/Illuminate/Database/Connection.php(398): Illuminate/Database/Connection->run('select * from `...', Array, Object(Closure))
#14 C:/Users/anura/Desktop/Collab/CollabX/vendor/laravel/framework/src/Illuminate/Database/Query/Builder.php(3106): Illuminate/Database/Connection->select('select * from `...', Array, false)
#15 C:/Users/anura/Desktop/Collab/CollabX/vendor/laravel/framework/src/Illuminate/Database/Query/Builder.php(3091): Illuminate/Database/Query/Builder->runSelect()
#16 C:/Users/anura/Desktop/Collab/CollabX/vendor/laravel/framework/src/Illuminate/Database/Query/Builder.php(3676): Illuminate/Database/Query/Builder->Illuminate/Database/Query/{closure}()
#17 C:/Users/anura/Desktop/Collab/CollabX/vendor/laravel/framework/src/Illuminate/Database/Query/Builder.php(3090): Illuminate/Database/Query/Builder->onceWithColumns(Array, Object(Closure))
#18 C:/Users/anura/Desktop/Collab/CollabX/vendor/laravel/framework/src/Illuminate/Database/Concerns/BuildsQueries.php(343): Illuminate/Database/Query/Builder->get(Array)
#19 C:/Users/anura/Desktop/Collab/CollabX/vendor/laravel/framework/src/Illuminate/Database/Query/Builder.php(3013): Illuminate/Database/Query/Builder->first(Array)
#20 C:/Users/anura/Desktop/Collab/CollabX/vendor/laravel/framework/src/Illuminate/Session/DatabaseSessionHandler.php(97): Illuminate/Database/Query/Builder->find('0ZjB5sO7pa95BYl...')
#21 C:/Users/anura/Desktop/Collab/CollabX/vendor/laravel/framework/src/Illuminate/Session/Store.php(117): Illuminate/Session/DatabaseSessionHandler->read('0ZjB5sO7pa95BYl...')
#22 C:/Users/anura/Desktop/Collab/CollabX/vendor/laravel/framework/src/Illuminate/Session/Store.php(105): Illuminate/Session/Store->readFromHandler()
#23 C:/Users/anura/Desktop/Collab/CollabX/vendor/laravel/framework/src/Illuminate/Session/Store.php(89): Illuminate/Session/Store->loadSession()
#24 C:/Users/anura/Desktop/Collab/CollabX/vendor/laravel/framework/src/Illuminate/Session/Middleware/StartSession.php(147): Illuminate/Session/Store->start()
#25 C:/Users/anura/Desktop/Collab/CollabX/vendor/laravel/framework/src/Illuminate/Support/helpers.php(399): Illuminate/Session/Middleware/StartSession->Illuminate/Session/Middleware/{closure}(Object(Illuminate/Session/Store))
#26 C:/Users/anura/Desktop/Collab/CollabX/vendor/laravel/framework/src/Illuminate/Session/Middleware/StartSession.php(144): tap(Object(Illuminate/Session/Store), Object(Closure))
#27 C:/Users/anura/Desktop/Collab/CollabX/vendor/laravel/framework/src/Illuminate/Session/Middleware/StartSession.php(116): Illuminate/Session/Middleware/StartSession->startSession(Object(Illuminate/Http/Request), Object(Illuminate/Session/Store))
#28 C:/Users/anura/Desktop/Collab/CollabX/vendor/laravel/framework/src/Illuminate/Session/Middleware/StartSession.php(64): Illuminate/Session/Middleware/StartSession->handleStatefulRequest(Object(Illuminate/Http/Request), Object(Illuminate/Session/Store), Object(Closure))
#29 C:/Users/anura/Desktop/Collab/CollabX/vendor/laravel/framework/src/Illuminate/Pipeline/Pipeline.php(209): Illuminate/Session/Middleware/StartSession->handle(Object(Illuminate/Http/Request), Object(Closure))
#30 C:/Users/anura/Desktop/Collab/CollabX/vendor/laravel/framework/src/Illuminate/Cookie/Middleware/AddQueuedCookiesToResponse.php(37): Illuminate/Pipeline/Pipeline->Illuminate/Pipeline/{closure}(Object(Illuminate/Http/Request))
#31 C:/Users/anura/Desktop/Collab/CollabX/vendor/laravel/framework/src/Illuminate/Pipeline/Pipeline.php(209): Illuminate/Cookie/Middleware/AddQueuedCookiesToResponse->handle(Object(Illuminate/Http/Request), Object(Closure))
#32 C:/Users/anura/Desktop/Collab/CollabX/vendor/laravel/framework/src/Illuminate/Cookie/Middleware/EncryptCookies.php(75): Illuminate/Pipeline/Pipeline->Illuminate/Pipeline/{closure}(Object(Illuminate/Http/Request))
#33 C:/Users/anura/Desktop/Collab/CollabX/vendor/laravel/framework/src/Illuminate/Pipeline/Pipeline.php(209): Illuminate/Cookie/Middleware/EncryptCookies->handle(Object(Illuminate/Http/Request), Object(Closure))
#34 C:/Users/anura/Desktop/Collab/CollabX/vendor/laravel/framework/src/Illuminate/Foundation/Http/Middleware/HandlePrecognitiveRequests.php(41): Illuminate/Pipeline/Pipeline->Illuminate/Pipeline/{closure}(Object(Illuminate/Http/Request))
#35 C:/Users/anura/Desktop/Collab/CollabX/vendor/laravel/framework/src/Illuminate/Pipeline/Pipeline.php(209): Illuminate/Foundation/Http/Middleware/HandlePrecognitiveRequests->handle(Object(Illuminate/Http/Request), Object(Closure))
#36 C:/Users/anura/Desktop/Collab/CollabX/vendor/laravel/framework/src/Illuminate/Pipeline/Pipeline.php(127): Illuminate/Pipeline/Pipeline->Illuminate/Pipeline/{closure}(Object(Illuminate/Http/Request))
#37 C:/Users/anura/Desktop/Collab/CollabX/vendor/laravel/framework/src/Illuminate/Routing/Router.php(807): Illuminate/Pipeline/Pipeline->then(Object(Closure))
#38 C:/Users/anura/Desktop/Collab/CollabX/vendor/laravel/framework/src/Illuminate/Routing/Router.php(786): Illuminate/Routing/Router->runRouteWithinStack(Object(Illuminate/Routing/Route), Object(Illuminate/Http/Request))
#39 C:/Users/anura/Desktop/Collab/CollabX/vendor/laravel/framework/src/Illuminate/Routing/Router.php(750): Illuminate/Routing/Router->runRoute(Object(Illuminate/Http/Request), Object(Illuminate/Routing/Route))
#40 C:/Users/anura/Desktop/Collab/CollabX/vendor/laravel/framework/src/Illuminate/Routing/Router.php(739): Illuminate/Routing/Router->dispatchToRoute(Object(Illuminate/Http/Request))
#41 C:/Users/anura/Desktop/Collab/CollabX/vendor/laravel/framework/src/Illuminate/Foundation/Http/Kernel.php(201): Illuminate/Routing/Router->dispatch(Object(Illuminate/Http/Request))
#42 C:/Users/anura/Desktop/Collab/CollabX/vendor/laravel/framework/src/Illuminate/Pipeline/Pipeline.php(170): Illuminate/Foundation/Http/Kernel->Illuminate/Foundation/Http/{closure}(Object(Illuminate/Http/Request))
#43 C:/Users/anura/Desktop/Collab/CollabX/vendor/laravel/framework/src/Illuminate/Foundation/Http/Middleware/TransformsRequest.php(21): Illuminate/Pipeline/Pipeline->Illuminate/Pipeline/{closure}(Object(Illuminate/Http/Request))
#44 C:/Users/anura/Desktop/Collab/CollabX/vendor/laravel/framework/src/Illuminate/Foundation/Http/Middleware/ConvertEmptyStringsToNull.php(31): Illuminate/Foundation/Http/Middleware/TransformsRequest->handle(Object(Illuminate/Http/Request), Object(Closure))
#45 C:/Users/anura/Desktop/Collab/CollabX/vendor/laravel/framework/src/Illuminate/Pipeline/Pipeline.php(209): Illuminate/Foundation/Http/Middleware/ConvertEmptyStringsToNull->handle(Object(Illuminate/Http/Request), Object(Closure))
#46 C:/Users/anura/Desktop/Collab/CollabX/vendor/laravel/framework/src/Illuminate/Foundation/Http/Middleware/TransformsRequest.php(21): Illuminate/Pipeline/Pipeline->Illuminate/Pipeline/{closure}(Object(Illuminate/Http/Request))
#47 C:/Users/anura/Desktop/Collab/CollabX/vendor/laravel/framework/src/Illuminate/Foundation/Http/Middleware/TrimStrings.php(51): Illuminate/Foundation/Http/Middleware/TransformsRequest->handle(Object(Illuminate/Http/Request), Object(Closure))
#48 C:/Users/anura/Desktop/Collab/CollabX/vendor/laravel/framework/src/Illuminate/Pipeline/Pipeline.php(209): Illuminate/Foundation/Http/Middleware/TrimStrings->handle(Object(Illuminate/Http/Request), Object(Closure))
#49 C:/Users/anura/Desktop/Collab/CollabX/vendor/laravel/framework/src/Illuminate/Http/Middleware/ValidatePostSize.php(27): Illuminate/Pipeline/Pipeline->Illuminate/Pipeline/{closure}(Object(Illuminate/Http/Request))
#50 C:/Users/anura/Desktop/Collab/CollabX/vendor/laravel/framework/src/Illuminate/Pipeline/Pipeline.php(209): Illuminate/Http/Middleware/ValidatePostSize->handle(Object(Illuminate/Http/Request), Object(Closure))
#51 C:/Users/anura/Desktop/Collab/CollabX/vendor/laravel/framework/src/Illuminate/Foundation/Http/Middleware/PreventRequestsDuringMaintenance.php(110): Illuminate/Pipeline/Pipeline->Illuminate/Pipeline/{closure}(Object(Illuminate/Http/Request))
#52 C:/Users/anura/Desktop/Collab/CollabX/vendor/laravel/framework/src/Illuminate/Pipeline/Pipeline.php(209): Illuminate/Foundation/Http/Middleware/PreventRequestsDuringMaintenance->handle(Object(Illuminate/Http/Request), Object(Closure))
#53 C:/Users/anura/Desktop/Collab/CollabX/vendor/laravel/framework/src/Illuminate/Http/Middleware/HandleCors.php(49): Illuminate/Pipeline/Pipeline->Illuminate/Pipeline/{closure}(Object(Illuminate/Http/Request))
#54 C:/Users/anura/Desktop/Collab/CollabX/vendor/laravel/framework/src/Illuminate/Pipeline/Pipeline.php(209): Illuminate/Http/Middleware/HandleCors->handle(Object(Illuminate/Http/Request), Object(Closure))
#55 C:/Users/anura/Desktop/Collab/CollabX/vendor/laravel/framework/src/Illuminate/Http/Middleware/TrustProxies.php(58): Illuminate/Pipeline/Pipeline->Illuminate/Pipeline/{closure}(Object(Illuminate/Http/Request))
#56 C:/Users/anura/Desktop/Collab/CollabX/vendor/laravel/framework/src/Illuminate/Pipeline/Pipeline.php(209): Illuminate/Http/Middleware/TrustProxies->handle(Object(Illuminate/Http/Request), Object(Closure))
#57 C:/Users/anura/Desktop/Collab/CollabX/vendor/itsgoingd/clockwork/Clockwork/Support/Laravel/ClockworkMiddleware.php(24): Illuminate/Pipeline/Pipeline->Illuminate/Pipeline/{closure}(Object(Illuminate/Http/Request))
#58 C:/Users/anura/Desktop/Collab/CollabX/vendor/laravel/framework/src/Illuminate/Pipeline/Pipeline.php(209): Clockwork/Support/Laravel/ClockworkMiddleware->handle(Object(Illuminate/Http/Request), Object(Closure))
#59 C:/Users/anura/Desktop/Collab/CollabX/vendor/laravel/framework/src/Illuminate/Pipeline/Pipeline.php(127): Illuminate/Pipeline/Pipeline->Illuminate/Pipeline/{closure}(Object(Illuminate/Http/Request))
#60 C:/Users/anura/Desktop/Collab/CollabX/vendor/laravel/framework/src/Illuminate/Foundation/Http/Kernel.php(176): Illuminate/Pipeline/Pipeline->then(Object(Closure))
#61 C:/Users/anura/Desktop/Collab/CollabX/vendor/laravel/framework/src/Illuminate/Foundation/Http/Kernel.php(145): Illuminate/Foundation/Http/Kernel->sendRequestThroughRouter(Object(Illuminate/Http/Request))
#62 C:/Users/anura/Desktop/Collab/CollabX/public/index.php(51): Illuminate/Foundation/Http/Kernel->handle(Object(Illuminate/Http/Request))
#63 C:/Users/anura/Desktop/Collab/CollabX/vendor/laravel/framework/src/Illuminate/Foundation/resources/server.php(23): require_once('C://Users//anura//...')
#64 {main}
"} 
[2026-05-12 23:01:20] local.ERROR: SQLSTATE[42S02]: Base table or view not found: 1146 Table 'collabx.otp_verifications' doesn't exist (Connection: mysql, SQL: delete from `otp_verifications` where `user_id` = 6 and `verified_at` is null) {"userId":5,"exception":"[object] (Illuminate\\Database\\QueryException(code: 42S02): SQLSTATE[42S02]: Base table or view not found: 1146 Table 'collabx.otp_verifications' doesn't exist (Connection: mysql, SQL: delete from `otp_verifications` where `user_id` = 6 and `verified_at` is null) at C:/Users/anura/Desktop/Collab/CollabX/vendor/laravel/framework/src/Illuminate/Database/Connection.php:825)
[stacktrace]
#0 C:/Users/anura/Desktop/Collab/CollabX/vendor/laravel/framework/src/Illuminate/Database/Connection.php(779): Illuminate/Database/Connection->runQueryCallback('delete from `ot...', Array, Object(Closure))
#1 C:/Users/anura/Desktop/Collab/CollabX/vendor/laravel/framework/src/Illuminate/Database/Connection.php(584): Illuminate/Database/Connection->run('delete from `ot...', Array, Object(Closure))
#2 C:/Users/anura/Desktop/Collab/CollabX/vendor/laravel/framework/src/Illuminate/Database/Connection.php(548): Illuminate/Database/Connection->affectingStatement('delete from `ot...', Array)
#3 C:/Users/anura/Desktop/Collab/CollabX/vendor/laravel/framework/src/Illuminate/Database/Query/Builder.php(4024): Illuminate/Database/Connection->delete('delete from `ot...', Array)
#4 C:/Users/anura/Desktop/Collab/CollabX/vendor/laravel/framework/src/Illuminate/Database/Eloquent/Builder.php(1387): Illuminate/Database/Query/Builder->delete()
#5 C:/Users/anura/Desktop/Collab/CollabX/app/Services/OtpService.php(21): Illuminate/Database/Eloquent/Builder->delete()
#6 C:/Users/anura/Desktop/Collab/CollabX/app/Http/Controllers/Auth/RegisterController.php(52): App/Services/OtpService::generateAndSend(Object(App/Models/User))
#7 C:/Users/anura/Desktop/Collab/CollabX/vendor/laravel/framework/src/Illuminate/Routing/Controller.php(54): App/Http/Controllers/Auth/RegisterController->store(Object(Illuminate/Http/Request))
#8 C:/Users/anura/Desktop/Collab/CollabX/vendor/laravel/framework/src/Illuminate/Routing/ControllerDispatcher.php(44): Illuminate/Routing/Controller->callAction('store', Array)
#9 C:/Users/anura/Desktop/Collab/CollabX/vendor/laravel/framework/src/Illuminate/Routing/Route.php(266): Illuminate/Routing/ControllerDispatcher->dispatch(Object(Illuminate/Routing/Route), Object(App/Http/Controllers/Auth/RegisterController), 'store')
#10 C:/Users/anura/Desktop/Collab/CollabX/vendor/laravel/framework/src/Illuminate/Routing/Route.php(212): Illuminate/Routing/Route->runController()
#11 C:/Users/anura/Desktop/Collab/CollabX/vendor/laravel/framework/src/Illuminate/Routing/Router.php(808): Illuminate/Routing/Route->run()
#12 C:/Users/anura/Desktop/Collab/CollabX/vendor/laravel/framework/src/Illuminate/Pipeline/Pipeline.php(170): Illuminate/Routing/Router->Illuminate/Routing/{closure}(Object(Illuminate/Http/Request))
#13 C:/Users/anura/Desktop/Collab/CollabX/app/Http/Middleware/RedirectIfAuthenticated.php(28): Illuminate/Pipeline/Pipeline->Illuminate/Pipeline/{closure}(Object(Illuminate/Http/Request))
#14 C:/Users/anura/Desktop/Collab/CollabX/vendor/laravel/framework/src/Illuminate/Pipeline/Pipeline.php(209): App/Http/Middleware/RedirectIfAuthenticated->handle(Object(Illuminate/Http/Request), Object(Closure))
#15 C:/Users/anura/Desktop/Collab/CollabX/vendor/inertiajs/inertia-laravel/src/Middleware.php(87): Illuminate/Pipeline/Pipeline->Illuminate/Pipeline/{closure}(Object(Illuminate/Http/Request))
#16 C:/Users/anura/Desktop/Collab/CollabX/vendor/laravel/framework/src/Illuminate/Pipeline/Pipeline.php(209): Inertia/Middleware->handle(Object(Illuminate/Http/Request), Object(Closure))
#17 C:/Users/anura/Desktop/Collab/CollabX/vendor/laravel/framework/src/Illuminate/Routing/Middleware/SubstituteBindings.php(51): Illuminate/Pipeline/Pipeline->Illuminate/Pipeline/{closure}(Object(Illuminate/Http/Request))
#18 C:/Users/anura/Desktop/Collab/CollabX/vendor/laravel/framework/src/Illuminate/Pipeline/Pipeline.php(209): Illuminate/Routing/Middleware/SubstituteBindings->handle(Object(Illuminate/Http/Request), Object(Closure))
#19 C:/Users/anura/Desktop/Collab/CollabX/vendor/laravel/framework/src/Illuminate/Foundation/Http/Middleware/VerifyCsrfToken.php(88): Illuminate/Pipeline/Pipeline->Illuminate/Pipeline/{closure}(Object(Illuminate/Http/Request))
#20 C:/Users/anura/Desktop/Collab/CollabX/vendor/laravel/framework/src/Illuminate/Pipeline/Pipeline.php(209): Illuminate/Foundation/Http/Middleware/VerifyCsrfToken->handle(Object(Illuminate/Http/Request), Object(Closure))
#21 C:/Users/anura/Desktop/Collab/CollabX/vendor/laravel/framework/src/Illuminate/View/Middleware/ShareErrorsFromSession.php(49): Illuminate/Pipeline/Pipeline->Illuminate/Pipeline/{closure}(Object(Illuminate/Http/Request))
#22 C:/Users/anura/Desktop/Collab/CollabX/vendor/laravel/framework/src/Illuminate/Pipeline/Pipeline.php(209): Illuminate/View/Middleware/ShareErrorsFromSession->handle(Object(Illuminate/Http/Request), Object(Closure))
#23 C:/Users/anura/Desktop/Collab/CollabX/vendor/laravel/framework/src/Illuminate/Session/Middleware/StartSession.php(121): Illuminate/Pipeline/Pipeline->Illuminate/Pipeline/{closure}(Object(Illuminate/Http/Request))
#24 C:/Users/anura/Desktop/Collab/CollabX/vendor/laravel/framework/src/Illuminate/Session/Middleware/StartSession.php(64): Illuminate/Session/Middleware/StartSession->handleStatefulRequest(Object(Illuminate/Http/Request), Object(Illuminate/Session/Store), Object(Closure))
#25 C:/Users/anura/Desktop/Collab/CollabX/vendor/laravel/framework/src/Illuminate/Pipeline/Pipeline.php(209): Illuminate/Session/Middleware/StartSession->handle(Object(Illuminate/Http/Request), Object(Closure))
#26 C:/Users/anura/Desktop/Collab/CollabX/vendor/laravel/framework/src/Illuminate/Cookie/Middleware/AddQueuedCookiesToResponse.php(37): Illuminate/Pipeline/Pipeline->Illuminate/Pipeline/{closure}(Object(Illuminate/Http/Request))
#27 C:/Users/anura/Desktop/Collab/CollabX/vendor/laravel/framework/src/Illuminate/Pipeline/Pipeline.php(209): Illuminate/Cookie/Middleware/AddQueuedCookiesToResponse->handle(Object(Illuminate/Http/Request), Object(Closure))
#28 C:/Users/anura/Desktop/Collab/CollabX/vendor/laravel/framework/src/Illuminate/Cookie/Middleware/EncryptCookies.php(75): Illuminate/Pipeline/Pipeline->Illuminate/Pipeline/{closure}(Object(Illuminate/Http/Request))
#29 C:/Users/anura/Desktop/Collab/CollabX/vendor/laravel/framework/src/Illuminate/Pipeline/Pipeline.php(209): Illuminate/Cookie/Middleware/EncryptCookies->handle(Object(Illuminate/Http/Request), Object(Closure))
#30 C:/Users/anura/Desktop/Collab/CollabX/vendor/laravel/framework/src/Illuminate/Foundation/Http/Middleware/HandlePrecognitiveRequests.php(41): Illuminate/Pipeline/Pipeline->Illuminate/Pipeline/{closure}(Object(Illuminate/Http/Request))
#31 C:/Users/anura/Desktop/Collab/CollabX/vendor/laravel/framework/src/Illuminate/Pipeline/Pipeline.php(209): Illuminate/Foundation/Http/Middleware/HandlePrecognitiveRequests->handle(Object(Illuminate/Http/Request), Object(Closure))
#32 C:/Users/anura/Desktop/Collab/CollabX/vendor/laravel/framework/src/Illuminate/Pipeline/Pipeline.php(127): Illuminate/Pipeline/Pipeline->Illuminate/Pipeline/{closure}(Object(Illuminate/Http/Request))
#33 C:/Users/anura/Desktop/Collab/CollabX/vendor/laravel/framework/src/Illuminate/Routing/Router.php(807): Illuminate/Pipeline/Pipeline->then(Object(Closure))
#34 C:/Users/anura/Desktop/Collab/CollabX/vendor/laravel/framework/src/Illuminate/Routing/Router.php(786): Illuminate/Routing/Router->runRouteWithinStack(Object(Illuminate/Routing/Route), Object(Illuminate/Http/Request))
#35 C:/Users/anura/Desktop/Collab/CollabX/vendor/laravel/framework/src/Illuminate/Routing/Router.php(750): Illuminate/Routing/Router->runRoute(Object(Illuminate/Http/Request), Object(Illuminate/Routing/Route))
#36 C:/Users/anura/Desktop/Collab/CollabX/vendor/laravel/framework/src/Illuminate/Routing/Router.php(739): Illuminate/Routing/Router->dispatchToRoute(Object(Illuminate/Http/Request))
#37 C:/Users/anura/Desktop/Collab/CollabX/vendor/laravel/framework/src/Illuminate/Foundation/Http/Kernel.php(201): Illuminate/Routing/Router->dispatch(Object(Illuminate/Http/Request))
#38 C:/Users/anura/Desktop/Collab/CollabX/vendor/laravel/framework/src/Illuminate/Pipeline/Pipeline.php(170): Illuminate/Foundation/Http/Kernel->Illuminate/Foundation/Http/{closure}(Object(Illuminate/Http/Request))
#39 C:/Users/anura/Desktop/Collab/CollabX/vendor/laravel/framework/src/Illuminate/Foundation/Http/Middleware/TransformsRequest.php(21): Illuminate/Pipeline/Pipeline->Illuminate/Pipeline/{closure}(Object(Illuminate/Http/Request))
#40 C:/Users/anura/Desktop/Collab/CollabX/vendor/laravel/framework/src/Illuminate/Foundation/Http/Middleware/ConvertEmptyStringsToNull.php(31): Illuminate/Foundation/Http/Middleware/TransformsRequest->handle(Object(Illuminate/Http/Request), Object(Closure))
#41 C:/Users/anura/Desktop/Collab/CollabX/vendor/laravel/framework/src/Illuminate/Pipeline/Pipeline.php(209): Illuminate/Foundation/Http/Middleware/ConvertEmptyStringsToNull->handle(Object(Illuminate/Http/Request), Object(Closure))
#42 C:/Users/anura/Desktop/Collab/CollabX/vendor/laravel/framework/src/Illuminate/Foundation/Http/Middleware/TransformsRequest.php(21): Illuminate/Pipeline/Pipeline->Illuminate/Pipeline/{closure}(Object(Illuminate/Http/Request))
#43 C:/Users/anura/Desktop/Collab/CollabX/vendor/laravel/framework/src/Illuminate/Foundation/Http/Middleware/TrimStrings.php(51): Illuminate/Foundation/Http/Middleware/TransformsRequest->handle(Object(Illuminate/Http/Request), Object(Closure))
#44 C:/Users/anura/Desktop/Collab/CollabX/vendor/laravel/framework/src/Illuminate/Pipeline/Pipeline.php(209): Illuminate/Foundation/Http/Middleware/TrimStrings->handle(Object(Illuminate/Http/Request), Object(Closure))
#45 C:/Users/anura/Desktop/Collab/CollabX/vendor/laravel/framework/src/Illuminate/Http/Middleware/ValidatePostSize.php(27): Illuminate/Pipeline/Pipeline->Illuminate/Pipeline/{closure}(Object(Illuminate/Http/Request))
#46 C:/Users/anura/Desktop/Collab/CollabX/vendor/laravel/framework/src/Illuminate/Pipeline/Pipeline.php(209): Illuminate/Http/Middleware/ValidatePostSize->handle(Object(Illuminate/Http/Request), Object(Closure))
#47 C:/Users/anura/Desktop/Collab/CollabX/vendor/laravel/framework/src/Illuminate/Foundation/Http/Middleware/PreventRequestsDuringMaintenance.php(110): Illuminate/Pipeline/Pipeline->Illuminate/Pipeline/{closure}(Object(Illuminate/Http/Request))
#48 C:/Users/anura/Desktop/Collab/CollabX/vendor/laravel/framework/src/Illuminate/Pipeline/Pipeline.php(209): Illuminate/Foundation/Http/Middleware/PreventRequestsDuringMaintenance->handle(Object(Illuminate/Http/Request), Object(Closure))
#49 C:/Users/anura/Desktop/Collab/CollabX/vendor/laravel/framework/src/Illuminate/Http/Middleware/HandleCors.php(49): Illuminate/Pipeline/Pipeline->Illuminate/Pipeline/{closure}(Object(Illuminate/Http/Request))
#50 C:/Users/anura/Desktop/Collab/CollabX/vendor/laravel/framework/src/Illuminate/Pipeline/Pipeline.php(209): Illuminate/Http/Middleware/HandleCors->handle(Object(Illuminate/Http/Request), Object(Closure))
#51 C:/Users/anura/Desktop/Collab/CollabX/vendor/laravel/framework/src/Illuminate/Http/Middleware/TrustProxies.php(58): Illuminate/Pipeline/Pipeline->Illuminate/Pipeline/{closure}(Object(Illuminate/Http/Request))
#52 C:/Users/anura/Desktop/Collab/CollabX/vendor/laravel/framework/src/Illuminate/Pipeline/Pipeline.php(209): Illuminate/Http/Middleware/TrustProxies->handle(Object(Illuminate/Http/Request), Object(Closure))
#53 C:/Users/anura/Desktop/Collab/CollabX/vendor/itsgoingd/clockwork/Clockwork/Support/Laravel/ClockworkMiddleware.php(24): Illuminate/Pipeline/Pipeline->Illuminate/Pipeline/{closure}(Object(Illuminate/Http/Request))
#54 C:/Users/anura/Desktop/Collab/CollabX/vendor/laravel/framework/src/Illuminate/Pipeline/Pipeline.php(209): Clockwork/Support/Laravel/ClockworkMiddleware->handle(Object(Illuminate/Http/Request), Object(Closure))
#55 C:/Users/anura/Desktop/Collab/CollabX/vendor/laravel/framework/src/Illuminate/Pipeline/Pipeline.php(127): Illuminate/Pipeline/Pipeline->Illuminate/Pipeline/{closure}(Object(Illuminate/Http/Request))
#56 C:/Users/anura/Desktop/Collab/CollabX/vendor/laravel/framework/src/Illuminate/Foundation/Http/Kernel.php(176): Illuminate/Pipeline/Pipeline->then(Object(Closure))
#57 C:/Users/anura/Desktop/Collab/CollabX/vendor/laravel/framework/src/Illuminate/Foundation/Http/Kernel.php(145): Illuminate/Foundation/Http/Kernel->sendRequestThroughRouter(Object(Illuminate/Http/Request))
#58 C:/Users/anura/Desktop/Collab/CollabX/public/index.php(51): Illuminate/Foundation/Http/Kernel->handle(Object(Illuminate/Http/Request))
#59 C:/Users/anura/Desktop/Collab/CollabX/vendor/laravel/framework/src/Illuminate/Foundation/resources/server.php(23): require_once('C://Users//anura//...')
#60 {main}

[previous exception] [object] (PDOException(code: 42S02): SQLSTATE[42S02]: Base table or view not found: 1146 Table 'collabx.otp_verifications' doesn't exist at C:/Users/anura/Desktop/Collab/CollabX/vendor/laravel/framework/src/Illuminate/Database/Connection.php:592)
[stacktrace]
#0 C:/Users/anura/Desktop/Collab/CollabX/vendor/laravel/framework/src/Illuminate/Database/Connection.php(592): PDO->prepare('delete from `ot...')
#1 C:/Users/anura/Desktop/Collab/CollabX/vendor/laravel/framework/src/Illuminate/Database/Connection.php(812): Illuminate/Database/Connection->Illuminate/Database/{closure}('delete from `ot...', Array)
#2 C:/Users/anura/Desktop/Collab/CollabX/vendor/laravel/framework/src/Illuminate/Database/Connection.php(779): Illuminate/Database/Connection->runQueryCallback('delete from `ot...', Array, Object(Closure))
#3 C:/Users/anura/Desktop/Collab/CollabX/vendor/laravel/framework/src/Illuminate/Database/Connection.php(584): Illuminate/Database/Connection->run('delete from `ot...', Array, Object(Closure))
#4 C:/Users/anura/Desktop/Collab/CollabX/vendor/laravel/framework/src/Illuminate/Database/Connection.php(548): Illuminate/Database/Connection->affectingStatement('delete from `ot...', Array)
#5 C:/Users/anura/Desktop/Collab/CollabX/vendor/laravel/framework/src/Illuminate/Database/Query/Builder.php(4024): Illuminate/Database/Connection->delete('delete from `ot...', Array)
#6 C:/Users/anura/Desktop/Collab/CollabX/vendor/laravel/framework/src/Illuminate/Database/Eloquent/Builder.php(1387): Illuminate/Database/Query/Builder->delete()
#7 C:/Users/anura/Desktop/Collab/CollabX/app/Services/OtpService.php(21): Illuminate/Database/Eloquent/Builder->delete()
#8 C:/Users/anura/Desktop/Collab/CollabX/app/Http/Controllers/Auth/RegisterController.php(52): App/Services/OtpService::generateAndSend(Object(App/Models/User))
#9 C:/Users/anura/Desktop/Collab/CollabX/vendor/laravel/framework/src/Illuminate/Routing/Controller.php(54): App/Http/Controllers/Auth/RegisterController->store(Object(Illuminate/Http/Request))
#10 C:/Users/anura/Desktop/Collab/CollabX/vendor/laravel/framework/src/Illuminate/Routing/ControllerDispatcher.php(44): Illuminate/Routing/Controller->callAction('store', Array)
#11 C:/Users/anura/Desktop/Collab/CollabX/vendor/laravel/framework/src/Illuminate/Routing/Route.php(266): Illuminate/Routing/ControllerDispatcher->dispatch(Object(Illuminate/Routing/Route), Object(App/Http/Controllers/Auth/RegisterController), 'store')
#12 C:/Users/anura/Desktop/Collab/CollabX/vendor/laravel/framework/src/Illuminate/Routing/Route.php(212): Illuminate/Routing/Route->runController()
#13 C:/Users/anura/Desktop/Collab/CollabX/vendor/laravel/framework/src/Illuminate/Routing/Router.php(808): Illuminate/Routing/Route->run()
#14 C:/Users/anura/Desktop/Collab/CollabX/vendor/laravel/framework/src/Illuminate/Pipeline/Pipeline.php(170): Illuminate/Routing/Router->Illuminate/Routing/{closure}(Object(Illuminate/Http/Request))
#15 C:/Users/anura/Desktop/Collab/CollabX/app/Http/Middleware/RedirectIfAuthenticated.php(28): Illuminate/Pipeline/Pipeline->Illuminate/Pipeline/{closure}(Object(Illuminate/Http/Request))
#16 C:/Users/anura/Desktop/Collab/CollabX/vendor/laravel/framework/src/Illuminate/Pipeline/Pipeline.php(209): App/Http/Middleware/RedirectIfAuthenticated->handle(Object(Illuminate/Http/Request), Object(Closure))
#17 C:/Users/anura/Desktop/Collab/CollabX/vendor/inertiajs/inertia-laravel/src/Middleware.php(87): Illuminate/Pipeline/Pipeline->Illuminate/Pipeline/{closure}(Object(Illuminate/Http/Request))
#18 C:/Users/anura/Desktop/Collab/CollabX/vendor/laravel/framework/src/Illuminate/Pipeline/Pipeline.php(209): Inertia/Middleware->handle(Object(Illuminate/Http/Request), Object(Closure))
#19 C:/Users/anura/Desktop/Collab/CollabX/vendor/laravel/framework/src/Illuminate/Routing/Middleware/SubstituteBindings.php(51): Illuminate/Pipeline/Pipeline->Illuminate/Pipeline/{closure}(Object(Illuminate/Http/Request))
#20 C:/Users/anura/Desktop/Collab/CollabX/vendor/laravel/framework/src/Illuminate/Pipeline/Pipeline.php(209): Illuminate/Routing/Middleware/SubstituteBindings->handle(Object(Illuminate/Http/Request), Object(Closure))
#21 C:/Users/anura/Desktop/Collab/CollabX/vendor/laravel/framework/src/Illuminate/Foundation/Http/Middleware/VerifyCsrfToken.php(88): Illuminate/Pipeline/Pipeline->Illuminate/Pipeline/{closure}(Object(Illuminate/Http/Request))
#22 C:/Users/anura/Desktop/Collab/CollabX/vendor/laravel/framework/src/Illuminate/Pipeline/Pipeline.php(209): Illuminate/Foundation/Http/Middleware/VerifyCsrfToken->handle(Object(Illuminate/Http/Request), Object(Closure))
#23 C:/Users/anura/Desktop/Collab/CollabX/vendor/laravel/framework/src/Illuminate/View/Middleware/ShareErrorsFromSession.php(49): Illuminate/Pipeline/Pipeline->Illuminate/Pipeline/{closure}(Object(Illuminate/Http/Request))
#24 C:/Users/anura/Desktop/Collab/CollabX/vendor/laravel/framework/src/Illuminate/Pipeline/Pipeline.php(209): Illuminate/View/Middleware/ShareErrorsFromSession->handle(Object(Illuminate/Http/Request), Object(Closure))
#25 C:/Users/anura/Desktop/Collab/CollabX/vendor/laravel/framework/src/Illuminate/Session/Middleware/StartSession.php(121): Illuminate/Pipeline/Pipeline->Illuminate/Pipeline/{closure}(Object(Illuminate/Http/Request))
#26 C:/Users/anura/Desktop/Collab/CollabX/vendor/laravel/framework/src/Illuminate/Session/Middleware/StartSession.php(64): Illuminate/Session/Middleware/StartSession->handleStatefulRequest(Object(Illuminate/Http/Request), Object(Illuminate/Session/Store), Object(Closure))
#27 C:/Users/anura/Desktop/Collab/CollabX/vendor/laravel/framework/src/Illuminate/Pipeline/Pipeline.php(209): Illuminate/Session/Middleware/StartSession->handle(Object(Illuminate/Http/Request), Object(Closure))
#28 C:/Users/anura/Desktop/Collab/CollabX/vendor/laravel/framework/src/Illuminate/Cookie/Middleware/AddQueuedCookiesToResponse.php(37): Illuminate/Pipeline/Pipeline->Illuminate/Pipeline/{closure}(Object(Illuminate/Http/Request))
#29 C:/Users/anura/Desktop/Collab/CollabX/vendor/laravel/framework/src/Illuminate/Pipeline/Pipeline.php(209): Illuminate/Cookie/Middleware/AddQueuedCookiesToResponse->handle(Object(Illuminate/Http/Request), Object(Closure))
#30 C:/Users/anura/Desktop/Collab/CollabX/vendor/laravel/framework/src/Illuminate/Cookie/Middleware/EncryptCookies.php(75): Illuminate/Pipeline/Pipeline->Illuminate/Pipeline/{closure}(Object(Illuminate/Http/Request))
#31 C:/Users/anura/Desktop/Collab/CollabX/vendor/laravel/framework/src/Illuminate/Pipeline/Pipeline.php(209): Illuminate/Cookie/Middleware/EncryptCookies->handle(Object(Illuminate/Http/Request), Object(Closure))
#32 C:/Users/anura/Desktop/Collab/CollabX/vendor/laravel/framework/src/Illuminate/Foundation/Http/Middleware/HandlePrecognitiveRequests.php(41): Illuminate/Pipeline/Pipeline->Illuminate/Pipeline/{closure}(Object(Illuminate/Http/Request))
#33 C:/Users/anura/Desktop/Collab/CollabX/vendor/laravel/framework/src/Illuminate/Pipeline/Pipeline.php(209): Illuminate/Foundation/Http/Middleware/HandlePrecognitiveRequests->handle(Object(Illuminate/Http/Request), Object(Closure))
#34 C:/Users/anura/Desktop/Collab/CollabX/vendor/laravel/framework/src/Illuminate/Pipeline/Pipeline.php(127): Illuminate/Pipeline/Pipeline->Illuminate/Pipeline/{closure}(Object(Illuminate/Http/Request))
#35 C:/Users/anura/Desktop/Collab/CollabX/vendor/laravel/framework/src/Illuminate/Routing/Router.php(807): Illuminate/Pipeline/Pipeline->then(Object(Closure))
#36 C:/Users/anura/Desktop/Collab/CollabX/vendor/laravel/framework/src/Illuminate/Routing/Router.php(786): Illuminate/Routing/Router->runRouteWithinStack(Object(Illuminate/Routing/Route), Object(Illuminate/Http/Request))
#37 C:/Users/anura/Desktop/Collab/CollabX/vendor/laravel/framework/src/Illuminate/Routing/Router.php(750): Illuminate/Routing/Router->runRoute(Object(Illuminate/Http/Request), Object(Illuminate/Routing/Route))
#38 C:/Users/anura/Desktop/Collab/CollabX/vendor/laravel/framework/src/Illuminate/Routing/Router.php(739): Illuminate/Routing/Router->dispatchToRoute(Object(Illuminate/Http/Request))
#39 C:/Users/anura/Desktop/Collab/CollabX/vendor/laravel/framework/src/Illuminate/Foundation/Http/Kernel.php(201): Illuminate/Routing/Router->dispatch(Object(Illuminate/Http/Request))
#40 C:/Users/anura/Desktop/Collab/CollabX/vendor/laravel/framework/src/Illuminate/Pipeline/Pipeline.php(170): Illuminate/Foundation/Http/Kernel->Illuminate/Foundation/Http/{closure}(Object(Illuminate/Http/Request))
#41 C:/Users/anura/Desktop/Collab/CollabX/vendor/laravel/framework/src/Illuminate/Foundation/Http/Middleware/TransformsRequest.php(21): Illuminate/Pipeline/Pipeline->Illuminate/Pipeline/{closure}(Object(Illuminate/Http/Request))
#42 C:/Users/anura/Desktop/Collab/CollabX/vendor/laravel/framework/src/Illuminate/Foundation/Http/Middleware/ConvertEmptyStringsToNull.php(31): Illuminate/Foundation/Http/Middleware/TransformsRequest->handle(Object(Illuminate/Http/Request), Object(Closure))
#43 C:/Users/anura/Desktop/Collab/CollabX/vendor/laravel/framework/src/Illuminate/Pipeline/Pipeline.php(209): Illuminate/Foundation/Http/Middleware/ConvertEmptyStringsToNull->handle(Object(Illuminate/Http/Request), Object(Closure))
#44 C:/Users/anura/Desktop/Collab/CollabX/vendor/laravel/framework/src/Illuminate/Foundation/Http/Middleware/TransformsRequest.php(21): Illuminate/Pipeline/Pipeline->Illuminate/Pipeline/{closure}(Object(Illuminate/Http/Request))
#45 C:/Users/anura/Desktop/Collab/CollabX/vendor/laravel/framework/src/Illuminate/Foundation/Http/Middleware/TrimStrings.php(51): Illuminate/Foundation/Http/Middleware/TransformsRequest->handle(Object(Illuminate/Http/Request), Object(Closure))
#46 C:/Users/anura/Desktop/Collab/CollabX/vendor/laravel/framework/src/Illuminate/Pipeline/Pipeline.php(209): Illuminate/Foundation/Http/Middleware/TrimStrings->handle(Object(Illuminate/Http/Request), Object(Closure))
#47 C:/Users/anura/Desktop/Collab/CollabX/vendor/laravel/framework/src/Illuminate/Http/Middleware/ValidatePostSize.php(27): Illuminate/Pipeline/Pipeline->Illuminate/Pipeline/{closure}(Object(Illuminate/Http/Request))
#48 C:/Users/anura/Desktop/Collab/CollabX/vendor/laravel/framework/src/Illuminate/Pipeline/Pipeline.php(209): Illuminate/Http/Middleware/ValidatePostSize->handle(Object(Illuminate/Http/Request), Object(Closure))
#49 C:/Users/anura/Desktop/Collab/CollabX/vendor/laravel/framework/src/Illuminate/Foundation/Http/Middleware/PreventRequestsDuringMaintenance.php(110): Illuminate/Pipeline/Pipeline->Illuminate/Pipeline/{closure}(Object(Illuminate/Http/Request))
#50 C:/Users/anura/Desktop/Collab/CollabX/vendor/laravel/framework/src/Illuminate/Pipeline/Pipeline.php(209): Illuminate/Foundation/Http/Middleware/PreventRequestsDuringMaintenance->handle(Object(Illuminate/Http/Request), Object(Closure))
#51 C:/Users/anura/Desktop/Collab/CollabX/vendor/laravel/framework/src/Illuminate/Http/Middleware/HandleCors.php(49): Illuminate/Pipeline/Pipeline->Illuminate/Pipeline/{closure}(Object(Illuminate/Http/Request))
#52 C:/Users/anura/Desktop/Collab/CollabX/vendor/laravel/framework/src/Illuminate/Pipeline/Pipeline.php(209): Illuminate/Http/Middleware/HandleCors->handle(Object(Illuminate/Http/Request), Object(Closure))
#53 C:/Users/anura/Desktop/Collab/CollabX/vendor/laravel/framework/src/Illuminate/Http/Middleware/TrustProxies.php(58): Illuminate/Pipeline/Pipeline->Illuminate/Pipeline/{closure}(Object(Illuminate/Http/Request))
#54 C:/Users/anura/Desktop/Collab/CollabX/vendor/laravel/framework/src/Illuminate/Pipeline/Pipeline.php(209): Illuminate/Http/Middleware/TrustProxies->handle(Object(Illuminate/Http/Request), Object(Closure))
#55 C:/Users/anura/Desktop/Collab/CollabX/vendor/itsgoingd/clockwork/Clockwork/Support/Laravel/ClockworkMiddleware.php(24): Illuminate/Pipeline/Pipeline->Illuminate/Pipeline/{closure}(Object(Illuminate/Http/Request))
#56 C:/Users/anura/Desktop/Collab/CollabX/vendor/laravel/framework/src/Illuminate/Pipeline/Pipeline.php(209): Clockwork/Support/Laravel/ClockworkMiddleware->handle(Object(Illuminate/Http/Request), Object(Closure))
#57 C:/Users/anura/Desktop/Collab/CollabX/vendor/laravel/framework/src/Illuminate/Pipeline/Pipeline.php(127): Illuminate/Pipeline/Pipeline->Illuminate/Pipeline/{closure}(Object(Illuminate/Http/Request))
#58 C:/Users/anura/Desktop/Collab/CollabX/vendor/laravel/framework/src/Illuminate/Foundation/Http/Kernel.php(176): Illuminate/Pipeline/Pipeline->then(Object(Closure))
#59 C:/Users/anura/Desktop/Collab/CollabX/vendor/laravel/framework/src/Illuminate/Foundation/Http/Kernel.php(145): Illuminate/Foundation/Http/Kernel->sendRequestThroughRouter(Object(Illuminate/Http/Request))
#60 C:/Users/anura/Desktop/Collab/CollabX/public/index.php(51): Illuminate/Foundation/Http/Kernel->handle(Object(Illuminate/Http/Request))
#61 C:/Users/anura/Desktop/Collab/CollabX/vendor/laravel/framework/src/Illuminate/Foundation/resources/server.php(23): require_once('C://Users//anura//...')
#62 {main}
"} 
[2026-05-12 23:02:30] local.ERROR: SQLSTATE[42000]: Syntax error or access violation: 1067 Invalid default value for 'expires_at' (Connection: mysql, SQL: create table `otp_verifications` (`id` bigint unsigned not null auto_increment primary key, `user_id` bigint unsigned not null, `email` varchar(255) not null, `otp` varchar(10) not null, `attempts` int not null default '0', `verified_at` timestamp null, `expires_at` timestamp not null, `created_at` timestamp null, `updated_at` timestamp null) default character set utf8mb4 collate 'utf8mb4_unicode_ci') {"exception":"[object] (Illuminate\\Database\\QueryException(code: 42000): SQLSTATE[42000]: Syntax error or access violation: 1067 Invalid default value for 'expires_at' (Connection: mysql, SQL: create table `otp_verifications` (`id` bigint unsigned not null auto_increment primary key, `user_id` bigint unsigned not null, `email` varchar(255) not null, `otp` varchar(10) not null, `attempts` int not null default '0', `verified_at` timestamp null, `expires_at` timestamp not null, `created_at` timestamp null, `updated_at` timestamp null) default character set utf8mb4 collate 'utf8mb4_unicode_ci') at C:/Users/anura/Desktop/Collab/CollabX/vendor/laravel/framework/src/Illuminate/Database/Connection.php:825)
[stacktrace]
#0 C:/Users/anura/Desktop/Collab/CollabX/vendor/laravel/framework/src/Illuminate/Database/Connection.php(779): Illuminate/Database/Connection->runQueryCallback('create table `o...', Array, Object(Closure))
#1 C:/Users/anura/Desktop/Collab/CollabX/vendor/laravel/framework/src/Illuminate/Database/Connection.php(560): Illuminate/Database/Connection->run('create table `o...', Array, Object(Closure))
#2 C:/Users/anura/Desktop/Collab/CollabX/vendor/laravel/framework/src/Illuminate/Database/Schema/Blueprint.php(118): Illuminate/Database/Connection->statement('create table `o...')
#3 C:/Users/anura/Desktop/Collab/CollabX/vendor/laravel/framework/src/Illuminate/Database/Schema/Builder.php(564): Illuminate/Database/Schema/Blueprint->build(Object(Illuminate/Database/MySqlConnection), Object(Illuminate/Database/Schema/Grammars/MySqlGrammar))
#4 C:/Users/anura/Desktop/Collab/CollabX/vendor/laravel/framework/src/Illuminate/Database/Schema/Builder.php(418): Illuminate/Database/Schema/Builder->build(Object(Illuminate/Database/Schema/Blueprint))
#5 C:/Users/anura/Desktop/Collab/CollabX/vendor/laravel/framework/src/Illuminate/Support/Facades/Facade.php(361): Illuminate/Database/Schema/Builder->create('otp_verificatio...', Object(Closure))
#6 C:/Users/anura/Desktop/Collab/CollabX/database/migrations/2026_05_12_000000_create_otp_verifications_table.php(14): Illuminate/Support/Facades/Facade::__callStatic('create', Array)
#7 C:/Users/anura/Desktop/Collab/CollabX/vendor/laravel/framework/src/Illuminate/Database/Migrations/Migrator.php(507): Illuminate/Database/Migrations/Migration@anonymous->up()
#8 C:/Users/anura/Desktop/Collab/CollabX/vendor/laravel/framework/src/Illuminate/Database/Migrations/Migrator.php(432): Illuminate/Database/Migrations/Migrator->runMethod(Object(Illuminate/Database/MySqlConnection), Object(Illuminate/Database/Migrations/Migration@anonymous), 'up')
#9 C:/Users/anura/Desktop/Collab/CollabX/vendor/laravel/framework/src/Illuminate/Database/Migrations/Migrator.php(441): Illuminate/Database/Migrations/Migrator->Illuminate/Database/Migrations/{closure}()
#10 C:/Users/anura/Desktop/Collab/CollabX/vendor/laravel/framework/src/Illuminate/Database/Migrations/Migrator.php(244): Illuminate/Database/Migrations/Migrator->runMigration(Object(Illuminate/Database/Migrations/Migration@anonymous), 'up')
#11 C:/Users/anura/Desktop/Collab/CollabX/vendor/laravel/framework/src/Illuminate/Console/View/Components/Task.php(40): Illuminate/Database/Migrations/Migrator->Illuminate/Database/Migrations/{closure}()
#12 C:/Users/anura/Desktop/Collab/CollabX/vendor/laravel/framework/src/Illuminate/Database/Migrations/Migrator.php(798): Illuminate/Console/View/Components/Task->render('2026_05_12_0000...', Object(Closure))
#13 C:/Users/anura/Desktop/Collab/CollabX/vendor/laravel/framework/src/Illuminate/Database/Migrations/Migrator.php(244): Illuminate/Database/Migrations/Migrator->write('Illuminate//Cons...', '2026_05_12_0000...', Object(Closure))
#14 C:/Users/anura/Desktop/Collab/CollabX/vendor/laravel/framework/src/Illuminate/Database/Migrations/Migrator.php(211): Illuminate/Database/Migrations/Migrator->runUp('C://Users//anura//...', 3, false)
#15 C:/Users/anura/Desktop/Collab/CollabX/vendor/laravel/framework/src/Illuminate/Database/Migrations/Migrator.php(138): Illuminate/Database/Migrations/Migrator->runPending(Array, Array)
#16 C:/Users/anura/Desktop/Collab/CollabX/vendor/laravel/framework/src/Illuminate/Database/Console/Migrations/MigrateCommand.php(117): Illuminate/Database/Migrations/Migrator->run(Array, Array)
#17 C:/Users/anura/Desktop/Collab/CollabX/vendor/laravel/framework/src/Illuminate/Database/Migrations/Migrator.php(658): Illuminate/Database/Console/Migrations/MigrateCommand->Illuminate/Database/Console/Migrations/{closure}()
#18 C:/Users/anura/Desktop/Collab/CollabX/vendor/laravel/framework/src/Illuminate/Database/Console/Migrations/MigrateCommand.php(110): Illuminate/Database/Migrations/Migrator->usingConnection(NULL, Object(Closure))
#19 C:/Users/anura/Desktop/Collab/CollabX/vendor/laravel/framework/src/Illuminate/Database/Console/Migrations/MigrateCommand.php(89): Illuminate/Database/Console/Migrations/MigrateCommand->runMigrations()
#20 C:/Users/anura/Desktop/Collab/CollabX/vendor/laravel/framework/src/Illuminate/Container/BoundMethod.php(36): Illuminate/Database/Console/Migrations/MigrateCommand->handle()
#21 C:/Users/anura/Desktop/Collab/CollabX/vendor/laravel/framework/src/Illuminate/Container/Util.php(43): Illuminate/Container/BoundMethod::Illuminate/Container/{closure}()
#22 C:/Users/anura/Desktop/Collab/CollabX/vendor/laravel/framework/src/Illuminate/Container/BoundMethod.php(95): Illuminate/Container/Util::unwrapIfClosure(Object(Closure))
#23 C:/Users/anura/Desktop/Collab/CollabX/vendor/laravel/framework/src/Illuminate/Container/BoundMethod.php(35): Illuminate/Container/BoundMethod::callBoundMethod(Object(Illuminate/Foundation/Application), Array, Object(Closure))
#24 C:/Users/anura/Desktop/Collab/CollabX/vendor/laravel/framework/src/Illuminate/Container/Container.php(696): Illuminate/Container/BoundMethod::call(Object(Illuminate/Foundation/Application), Array, Array, NULL)
#25 C:/Users/anura/Desktop/Collab/CollabX/vendor/laravel/framework/src/Illuminate/Console/Command.php(213): Illuminate/Container/Container->call(Array)
#26 C:/Users/anura/Desktop/Collab/CollabX/vendor/symfony/console/Command/Command.php(341): Illuminate/Console/Command->execute(Object(Symfony/Component/Console/Input/ArgvInput), Object(Illuminate/Console/OutputStyle))
#27 C:/Users/anura/Desktop/Collab/CollabX/vendor/laravel/framework/src/Illuminate/Console/Command.php(182): Symfony/Component/Console/Command/Command->run(Object(Symfony/Component/Console/Input/ArgvInput), Object(Illuminate/Console/OutputStyle))
#28 C:/Users/anura/Desktop/Collab/CollabX/vendor/symfony/console/Application.php(1117): Illuminate/Console/Command->run(Object(Symfony/Component/Console/Input/ArgvInput), Object(Symfony/Component/Console/Output/ConsoleOutput))
#29 C:/Users/anura/Desktop/Collab/CollabX/vendor/symfony/console/Application.php(356): Symfony/Component/Console/Application->doRunCommand(Object(Illuminate/Database/Console/Migrations/MigrateCommand), Object(Symfony/Component/Console/Input/ArgvInput), Object(Symfony/Component/Console/Output/ConsoleOutput))
#30 C:/Users/anura/Desktop/Collab/CollabX/vendor/symfony/console/Application.php(195): Symfony/Component/Console/Application->doRun(Object(Symfony/Component/Console/Input/ArgvInput), Object(Symfony/Component/Console/Output/ConsoleOutput))
#31 C:/Users/anura/Desktop/Collab/CollabX/vendor/laravel/framework/src/Illuminate/Foundation/Console/Kernel.php(198): Symfony/Component/Console/Application->run(Object(Symfony/Component/Console/Input/ArgvInput), Object(Symfony/Component/Console/Output/ConsoleOutput))
#32 C:/Users/anura/Desktop/Collab/CollabX/artisan(35): Illuminate/Foundation/Console/Kernel->handle(Object(Symfony/Component/Console/Input/ArgvInput), Object(Symfony/Component/Console/Output/ConsoleOutput))
#33 {main}

[previous exception] [object] (PDOException(code: 42000): SQLSTATE[42000]: Syntax error or access violation: 1067 Invalid default value for 'expires_at' at C:/Users/anura/Desktop/Collab/CollabX/vendor/laravel/framework/src/Illuminate/Database/Connection.php:571)
[stacktrace]
#0 C:/Users/anura/Desktop/Collab/CollabX/vendor/laravel/framework/src/Illuminate/Database/Connection.php(571): PDOStatement->execute()
#1 C:/Users/anura/Desktop/Collab/CollabX/vendor/laravel/framework/src/Illuminate/Database/Connection.php(812): Illuminate/Database/Connection->Illuminate/Database/{closure}('create table `o...', Array)
#2 C:/Users/anura/Desktop/Collab/CollabX/vendor/laravel/framework/src/Illuminate/Database/Connection.php(779): Illuminate/Database/Connection->runQueryCallback('create table `o...', Array, Object(Closure))
#3 C:/Users/anura/Desktop/Collab/CollabX/vendor/laravel/framework/src/Illuminate/Database/Connection.php(560): Illuminate/Database/Connection->run('create table `o...', Array, Object(Closure))
#4 C:/Users/anura/Desktop/Collab/CollabX/vendor/laravel/framework/src/Illuminate/Database/Schema/Blueprint.php(118): Illuminate/Database/Connection->statement('create table `o...')
#5 C:/Users/anura/Desktop/Collab/CollabX/vendor/laravel/framework/src/Illuminate/Database/Schema/Builder.php(564): Illuminate/Database/Schema/Blueprint->build(Object(Illuminate/Database/MySqlConnection), Object(Illuminate/Database/Schema/Grammars/MySqlGrammar))
#6 C:/Users/anura/Desktop/Collab/CollabX/vendor/laravel/framework/src/Illuminate/Database/Schema/Builder.php(418): Illuminate/Database/Schema/Builder->build(Object(Illuminate/Database/Schema/Blueprint))
#7 C:/Users/anura/Desktop/Collab/CollabX/vendor/laravel/framework/src/Illuminate/Support/Facades/Facade.php(361): Illuminate/Database/Schema/Builder->create('otp_verificatio...', Object(Closure))
#8 C:/Users/anura/Desktop/Collab/CollabX/database/migrations/2026_05_12_000000_create_otp_verifications_table.php(14): Illuminate/Support/Facades/Facade::__callStatic('create', Array)
#9 C:/Users/anura/Desktop/Collab/CollabX/vendor/laravel/framework/src/Illuminate/Database/Migrations/Migrator.php(507): Illuminate/Database/Migrations/Migration@anonymous->up()
#10 C:/Users/anura/Desktop/Collab/CollabX/vendor/laravel/framework/src/Illuminate/Database/Migrations/Migrator.php(432): Illuminate/Database/Migrations/Migrator->runMethod(Object(Illuminate/Database/MySqlConnection), Object(Illuminate/Database/Migrations/Migration@anonymous), 'up')
#11 C:/Users/anura/Desktop/Collab/CollabX/vendor/laravel/framework/src/Illuminate/Database/Migrations/Migrator.php(441): Illuminate/Database/Migrations/Migrator->Illuminate/Database/Migrations/{closure}()
#12 C:/Users/anura/Desktop/Collab/CollabX/vendor/laravel/framework/src/Illuminate/Database/Migrations/Migrator.php(244): Illuminate/Database/Migrations/Migrator->runMigration(Object(Illuminate/Database/Migrations/Migration@anonymous), 'up')
#13 C:/Users/anura/Desktop/Collab/CollabX/vendor/laravel/framework/src/Illuminate/Console/View/Components/Task.php(40): Illuminate/Database/Migrations/Migrator->Illuminate/Database/Migrations/{closure}()
#14 C:/Users/anura/Desktop/Collab/CollabX/vendor/laravel/framework/src/Illuminate/Database/Migrations/Migrator.php(798): Illuminate/Console/View/Components/Task->render('2026_05_12_0000...', Object(Closure))
#15 C:/Users/anura/Desktop/Collab/CollabX/vendor/laravel/framework/src/Illuminate/Database/Migrations/Migrator.php(244): Illuminate/Database/Migrations/Migrator->write('Illuminate//Cons...', '2026_05_12_0000...', Object(Closure))
#16 C:/Users/anura/Desktop/Collab/CollabX/vendor/laravel/framework/src/Illuminate/Database/Migrations/Migrator.php(211): Illuminate/Database/Migrations/Migrator->runUp('C://Users//anura//...', 3, false)
#17 C:/Users/anura/Desktop/Collab/CollabX/vendor/laravel/framework/src/Illuminate/Database/Migrations/Migrator.php(138): Illuminate/Database/Migrations/Migrator->runPending(Array, Array)
#18 C:/Users/anura/Desktop/Collab/CollabX/vendor/laravel/framework/src/Illuminate/Database/Console/Migrations/MigrateCommand.php(117): Illuminate/Database/Migrations/Migrator->run(Array, Array)
#19 C:/Users/anura/Desktop/Collab/CollabX/vendor/laravel/framework/src/Illuminate/Database/Migrations/Migrator.php(658): Illuminate/Database/Console/Migrations/MigrateCommand->Illuminate/Database/Console/Migrations/{closure}()
#20 C:/Users/anura/Desktop/Collab/CollabX/vendor/laravel/framework/src/Illuminate/Database/Console/Migrations/MigrateCommand.php(110): Illuminate/Database/Migrations/Migrator->usingConnection(NULL, Object(Closure))
#21 C:/Users/anura/Desktop/Collab/CollabX/vendor/laravel/framework/src/Illuminate/Database/Console/Migrations/MigrateCommand.php(89): Illuminate/Database/Console/Migrations/MigrateCommand->runMigrations()
#22 C:/Users/anura/Desktop/Collab/CollabX/vendor/laravel/framework/src/Illuminate/Container/BoundMethod.php(36): Illuminate/Database/Console/Migrations/MigrateCommand->handle()
#23 C:/Users/anura/Desktop/Collab/CollabX/vendor/laravel/framework/src/Illuminate/Container/Util.php(43): Illuminate/Container/BoundMethod::Illuminate/Container/{closure}()
#24 C:/Users/anura/Desktop/Collab/CollabX/vendor/laravel/framework/src/Illuminate/Container/BoundMethod.php(95): Illuminate/Container/Util::unwrapIfClosure(Object(Closure))
#25 C:/Users/anura/Desktop/Collab/CollabX/vendor/laravel/framework/src/Illuminate/Container/BoundMethod.php(35): Illuminate/Container/BoundMethod::callBoundMethod(Object(Illuminate/Foundation/Application), Array, Object(Closure))
#26 C:/Users/anura/Desktop/Collab/CollabX/vendor/laravel/framework/src/Illuminate/Container/Container.php(696): Illuminate/Container/BoundMethod::call(Object(Illuminate/Foundation/Application), Array, Array, NULL)
#27 C:/Users/anura/Desktop/Collab/CollabX/vendor/laravel/framework/src/Illuminate/Console/Command.php(213): Illuminate/Container/Container->call(Array)
#28 C:/Users/anura/Desktop/Collab/CollabX/vendor/symfony/console/Command/Command.php(341): Illuminate/Console/Command->execute(Object(Symfony/Component/Console/Input/ArgvInput), Object(Illuminate/Console/OutputStyle))
#29 C:/Users/anura/Desktop/Collab/CollabX/vendor/laravel/framework/src/Illuminate/Console/Command.php(182): Symfony/Component/Console/Command/Command->run(Object(Symfony/Component/Console/Input/ArgvInput), Object(Illuminate/Console/OutputStyle))
#30 C:/Users/anura/Desktop/Collab/CollabX/vendor/symfony/console/Application.php(1117): Illuminate/Console/Command->run(Object(Symfony/Component/Console/Input/ArgvInput), Object(Symfony/Component/Console/Output/ConsoleOutput))
#31 C:/Users/anura/Desktop/Collab/CollabX/vendor/symfony/console/Application.php(356): Symfony/Component/Console/Application->doRunCommand(Object(Illuminate/Database/Console/Migrations/MigrateCommand), Object(Symfony/Component/Console/Input/ArgvInput), Object(Symfony/Component/Console/Output/ConsoleOutput))
#32 C:/Users/anura/Desktop/Collab/CollabX/vendor/symfony/console/Application.php(195): Symfony/Component/Console/Application->doRun(Object(Symfony/Component/Console/Input/ArgvInput), Object(Symfony/Component/Console/Output/ConsoleOutput))
#33 C:/Users/anura/Desktop/Collab/CollabX/vendor/laravel/framework/src/Illuminate/Foundation/Console/Kernel.php(198): Symfony/Component/Console/Application->run(Object(Symfony/Component/Console/Input/ArgvInput), Object(Symfony/Component/Console/Output/ConsoleOutput))
#34 C:/Users/anura/Desktop/Collab/CollabX/artisan(35): Illuminate/Foundation/Console/Kernel->handle(Object(Symfony/Component/Console/Input/ArgvInput), Object(Symfony/Component/Console/Output/ConsoleOutput))
#35 {main}
"} 
[2026-05-12 23:16:48] local.ERROR: SQLSTATE[23000]: Integrity constraint violation: 1062 Duplicate entry 'admin@mail.com' for key 'users_email_unique' (Connection: mysql, SQL: insert into `users` (`email`, `name`, `phone`, `rate`, `job_title`, `avatar`, `password`, `remember_token`, `updated_at`, `created_at`) values (admin@mail.com, Admin, , 0, Owner, ?, $2y$10$p7dD4jEOBtlXj/QtiNUHL.7Mtp8lSSjeQ5x2MUr4Jkc6OxjXEdKm2, ?, 2026-05-12 23:16:48, 2026-05-12 23:16:48)) {"exception":"[object] (Illuminate\\Database\\UniqueConstraintViolationException(code: 23000): SQLSTATE[23000]: Integrity constraint violation: 1062 Duplicate entry 'admin@mail.com' for key 'users_email_unique' (Connection: mysql, SQL: insert into `users` (`email`, `name`, `phone`, `rate`, `job_title`, `avatar`, `password`, `remember_token`, `updated_at`, `created_at`) values (admin@mail.com, Admin, , 0, Owner, ?, $2y$10$p7dD4jEOBtlXj/QtiNUHL.7Mtp8lSSjeQ5x2MUr4Jkc6OxjXEdKm2, ?, 2026-05-12 23:16:48, 2026-05-12 23:16:48)) at C:/Users/anura/Desktop/Collab/CollabX/vendor/laravel/framework/src/Illuminate/Database/Connection.php:820)
[stacktrace]
#0 C:/Users/anura/Desktop/Collab/CollabX/vendor/laravel/framework/src/Illuminate/Database/Connection.php(779): Illuminate/Database/Connection->runQueryCallback('insert into `us...', Array, Object(Closure))
#1 C:/Users/anura/Desktop/Collab/CollabX/vendor/laravel/framework/src/Illuminate/Database/MySqlConnection.php(42): Illuminate/Database/Connection->run('insert into `us...', Array, Object(Closure))
#2 C:/Users/anura/Desktop/Collab/CollabX/vendor/laravel/framework/src/Illuminate/Database/Query/Processors/MySqlProcessor.php(35): Illuminate/Database/MySqlConnection->insert('insert into `us...', Array, 'id')
#3 C:/Users/anura/Desktop/Collab/CollabX/vendor/laravel/framework/src/Illuminate/Database/Query/Builder.php(3766): Illuminate/Database/Query/Processors/MySqlProcessor->processInsertGetId(Object(Illuminate/Database/Query/Builder), 'insert into `us...', Array, 'id')
#4 C:/Users/anura/Desktop/Collab/CollabX/vendor/laravel/framework/src/Illuminate/Database/Eloquent/Builder.php(2120): Illuminate/Database/Query/Builder->insertGetId(Array, 'id')
#5 C:/Users/anura/Desktop/Collab/CollabX/vendor/laravel/framework/src/Illuminate/Database/Eloquent/Model.php(1359): Illuminate/Database/Eloquent/Builder->__call('insertGetId', Array)
#6 C:/Users/anura/Desktop/Collab/CollabX/vendor/laravel/framework/src/Illuminate/Database/Eloquent/Model.php(1324): Illuminate/Database/Eloquent/Model->insertAndSetId(Object(Illuminate/Database/Eloquent/Builder), Array)
#7 C:/Users/anura/Desktop/Collab/CollabX/vendor/laravel/framework/src/Illuminate/Database/Eloquent/Model.php(1163): Illuminate/Database/Eloquent/Model->performInsert(Object(Illuminate/Database/Eloquent/Builder))
#8 C:/Users/anura/Desktop/Collab/CollabX/vendor/laravel/framework/src/Illuminate/Database/Eloquent/Builder.php(1128): Illuminate/Database/Eloquent/Model->save()
#9 C:/Users/anura/Desktop/Collab/CollabX/vendor/laravel/framework/src/Illuminate/Support/helpers.php(399): Illuminate/Database/Eloquent/Builder->Illuminate/Database/Eloquent/{closure}(Object(App/Models/User))
#10 C:/Users/anura/Desktop/Collab/CollabX/vendor/laravel/framework/src/Illuminate/Database/Eloquent/Builder.php(1127): tap(Object(App/Models/User), Object(Closure))
#11 C:/Users/anura/Desktop/Collab/CollabX/vendor/laravel/framework/src/Illuminate/Support/Traits/ForwardsCalls.php(23): Illuminate/Database/Eloquent/Builder->create(Array)
#12 C:/Users/anura/Desktop/Collab/CollabX/vendor/laravel/framework/src/Illuminate/Database/Eloquent/Model.php(2372): Illuminate/Database/Eloquent/Model->forwardCallTo(Object(Illuminate/Database/Eloquent/Builder), 'create', Array)
#13 C:/Users/anura/Desktop/Collab/CollabX/vendor/laravel/framework/src/Illuminate/Database/Eloquent/Model.php(2384): Illuminate/Database/Eloquent/Model->__call('create', Array)
#14 C:/Users/anura/Desktop/Collab/CollabX/database/seeders/ProductionSeeder.php(24): Illuminate/Database/Eloquent/Model::__callStatic('create', Array)
#15 C:/Users/anura/Desktop/Collab/CollabX/vendor/laravel/framework/src/Illuminate/Container/BoundMethod.php(36): Database/Seeders/ProductionSeeder->run()
#16 C:/Users/anura/Desktop/Collab/CollabX/vendor/laravel/framework/src/Illuminate/Container/Util.php(43): Illuminate/Container/BoundMethod::Illuminate/Container/{closure}()
#17 C:/Users/anura/Desktop/Collab/CollabX/vendor/laravel/framework/src/Illuminate/Container/BoundMethod.php(95): Illuminate/Container/Util::unwrapIfClosure(Object(Closure))
#18 C:/Users/anura/Desktop/Collab/CollabX/vendor/laravel/framework/src/Illuminate/Container/BoundMethod.php(35): Illuminate/Container/BoundMethod::callBoundMethod(Object(Illuminate/Foundation/Application), Array, Object(Closure))
#19 C:/Users/anura/Desktop/Collab/CollabX/vendor/laravel/framework/src/Illuminate/Container/Container.php(696): Illuminate/Container/BoundMethod::call(Object(Illuminate/Foundation/Application), Array, Array, NULL)
#20 C:/Users/anura/Desktop/Collab/CollabX/vendor/laravel/framework/src/Illuminate/Database/Seeder.php(188): Illuminate/Container/Container->call(Array, Array)
#21 C:/Users/anura/Desktop/Collab/CollabX/vendor/laravel/framework/src/Illuminate/Database/Seeder.php(197): Illuminate/Database/Seeder->Illuminate/Database/{closure}()
#22 C:/Users/anura/Desktop/Collab/CollabX/vendor/laravel/framework/src/Illuminate/Database/Console/Seeds/SeedCommand.php(70): Illuminate/Database/Seeder->__invoke()
#23 C:/Users/anura/Desktop/Collab/CollabX/vendor/laravel/framework/src/Illuminate/Database/Eloquent/Concerns/GuardsAttributes.php(155): Illuminate/Database/Console/Seeds/SeedCommand->Illuminate/Database/Console/Seeds/{closure}()
#24 C:/Users/anura/Desktop/Collab/CollabX/vendor/laravel/framework/src/Illuminate/Database/Console/Seeds/SeedCommand.php(69): Illuminate/Database/Eloquent/Model::unguarded(Object(Closure))
#25 C:/Users/anura/Desktop/Collab/CollabX/vendor/laravel/framework/src/Illuminate/Container/BoundMethod.php(36): Illuminate/Database/Console/Seeds/SeedCommand->handle()
#26 C:/Users/anura/Desktop/Collab/CollabX/vendor/laravel/framework/src/Illuminate/Container/Util.php(43): Illuminate/Container/BoundMethod::Illuminate/Container/{closure}()
#27 C:/Users/anura/Desktop/Collab/CollabX/vendor/laravel/framework/src/Illuminate/Container/BoundMethod.php(95): Illuminate/Container/Util::unwrapIfClosure(Object(Closure))
#28 C:/Users/anura/Desktop/Collab/CollabX/vendor/laravel/framework/src/Illuminate/Container/BoundMethod.php(35): Illuminate/Container/BoundMethod::callBoundMethod(Object(Illuminate/Foundation/Application), Array, Object(Closure))
#29 C:/Users/anura/Desktop/Collab/CollabX/vendor/laravel/framework/src/Illuminate/Container/Container.php(696): Illuminate/Container/BoundMethod::call(Object(Illuminate/Foundation/Application), Array, Array, NULL)
#30 C:/Users/anura/Desktop/Collab/CollabX/vendor/laravel/framework/src/Illuminate/Console/Command.php(213): Illuminate/Container/Container->call(Array)
#31 C:/Users/anura/Desktop/Collab/CollabX/vendor/symfony/console/Command/Command.php(341): Illuminate/Console/Command->execute(Object(Symfony/Component/Console/Input/ArgvInput), Object(Illuminate/Console/OutputStyle))
#32 C:/Users/anura/Desktop/Collab/CollabX/vendor/laravel/framework/src/Illuminate/Console/Command.php(182): Symfony/Component/Console/Command/Command->run(Object(Symfony/Component/Console/Input/ArgvInput), Object(Illuminate/Console/OutputStyle))
#33 C:/Users/anura/Desktop/Collab/CollabX/vendor/symfony/console/Application.php(1117): Illuminate/Console/Command->run(Object(Symfony/Component/Console/Input/ArgvInput), Object(Symfony/Component/Console/Output/ConsoleOutput))
#34 C:/Users/anura/Desktop/Collab/CollabX/vendor/symfony/console/Application.php(356): Symfony/Component/Console/Application->doRunCommand(Object(Illuminate/Database/Console/Seeds/SeedCommand), Object(Symfony/Component/Console/Input/ArgvInput), Object(Symfony/Component/Console/Output/ConsoleOutput))
#35 C:/Users/anura/Desktop/Collab/CollabX/vendor/symfony/console/Application.php(195): Symfony/Component/Console/Application->doRun(Object(Symfony/Component/Console/Input/ArgvInput), Object(Symfony/Component/Console/Output/ConsoleOutput))
#36 C:/Users/anura/Desktop/Collab/CollabX/vendor/laravel/framework/src/Illuminate/Foundation/Console/Kernel.php(198): Symfony/Component/Console/Application->run(Object(Symfony/Component/Console/Input/ArgvInput), Object(Symfony/Component/Console/Output/ConsoleOutput))
#37 C:/Users/anura/Desktop/Collab/CollabX/artisan(35): Illuminate/Foundation/Console/Kernel->handle(Object(Symfony/Component/Console/Input/ArgvInput), Object(Symfony/Component/Console/Output/ConsoleOutput))
#38 {main}

[previous exception] [object] (PDOException(code: 23000): SQLSTATE[23000]: Integrity constraint violation: 1062 Duplicate entry 'admin@mail.com' for key 'users_email_unique' at C:/Users/anura/Desktop/Collab/CollabX/vendor/laravel/framework/src/Illuminate/Database/MySqlConnection.php:53)
[stacktrace]
#0 C:/Users/anura/Desktop/Collab/CollabX/vendor/laravel/framework/src/Illuminate/Database/MySqlConnection.php(53): PDOStatement->execute()
#1 C:/Users/anura/Desktop/Collab/CollabX/vendor/laravel/framework/src/Illuminate/Database/Connection.php(812): Illuminate/Database/MySqlConnection->Illuminate/Database/{closure}('insert into `us...', Array)
#2 C:/Users/anura/Desktop/Collab/CollabX/vendor/laravel/framework/src/Illuminate/Database/Connection.php(779): Illuminate/Database/Connection->runQueryCallback('insert into `us...', Array, Object(Closure))
#3 C:/Users/anura/Desktop/Collab/CollabX/vendor/laravel/framework/src/Illuminate/Database/MySqlConnection.php(42): Illuminate/Database/Connection->run('insert into `us...', Array, Object(Closure))
#4 C:/Users/anura/Desktop/Collab/CollabX/vendor/laravel/framework/src/Illuminate/Database/Query/Processors/MySqlProcessor.php(35): Illuminate/Database/MySqlConnection->insert('insert into `us...', Array, 'id')
#5 C:/Users/anura/Desktop/Collab/CollabX/vendor/laravel/framework/src/Illuminate/Database/Query/Builder.php(3766): Illuminate/Database/Query/Processors/MySqlProcessor->processInsertGetId(Object(Illuminate/Database/Query/Builder), 'insert into `us...', Array, 'id')
#6 C:/Users/anura/Desktop/Collab/CollabX/vendor/laravel/framework/src/Illuminate/Database/Eloquent/Builder.php(2120): Illuminate/Database/Query/Builder->insertGetId(Array, 'id')
#7 C:/Users/anura/Desktop/Collab/CollabX/vendor/laravel/framework/src/Illuminate/Database/Eloquent/Model.php(1359): Illuminate/Database/Eloquent/Builder->__call('insertGetId', Array)
#8 C:/Users/anura/Desktop/Collab/CollabX/vendor/laravel/framework/src/Illuminate/Database/Eloquent/Model.php(1324): Illuminate/Database/Eloquent/Model->insertAndSetId(Object(Illuminate/Database/Eloquent/Builder), Array)
#9 C:/Users/anura/Desktop/Collab/CollabX/vendor/laravel/framework/src/Illuminate/Database/Eloquent/Model.php(1163): Illuminate/Database/Eloquent/Model->performInsert(Object(Illuminate/Database/Eloquent/Builder))
#10 C:/Users/anura/Desktop/Collab/CollabX/vendor/laravel/framework/src/Illuminate/Database/Eloquent/Builder.php(1128): Illuminate/Database/Eloquent/Model->save()
#11 C:/Users/anura/Desktop/Collab/CollabX/vendor/laravel/framework/src/Illuminate/Support/helpers.php(399): Illuminate/Database/Eloquent/Builder->Illuminate/Database/Eloquent/{closure}(Object(App/Models/User))
#12 C:/Users/anura/Desktop/Collab/CollabX/vendor/laravel/framework/src/Illuminate/Database/Eloquent/Builder.php(1127): tap(Object(App/Models/User), Object(Closure))
#13 C:/Users/anura/Desktop/Collab/CollabX/vendor/laravel/framework/src/Illuminate/Support/Traits/ForwardsCalls.php(23): Illuminate/Database/Eloquent/Builder->create(Array)
#14 C:/Users/anura/Desktop/Collab/CollabX/vendor/laravel/framework/src/Illuminate/Database/Eloquent/Model.php(2372): Illuminate/Database/Eloquent/Model->forwardCallTo(Object(Illuminate/Database/Eloquent/Builder), 'create', Array)
#15 C:/Users/anura/Desktop/Collab/CollabX/vendor/laravel/framework/src/Illuminate/Database/Eloquent/Model.php(2384): Illuminate/Database/Eloquent/Model->__call('create', Array)
#16 C:/Users/anura/Desktop/Collab/CollabX/database/seeders/ProductionSeeder.php(24): Illuminate/Database/Eloquent/Model::__callStatic('create', Array)
#17 C:/Users/anura/Desktop/Collab/CollabX/vendor/laravel/framework/src/Illuminate/Container/BoundMethod.php(36): Database/Seeders/ProductionSeeder->run()
#18 C:/Users/anura/Desktop/Collab/CollabX/vendor/laravel/framework/src/Illuminate/Container/Util.php(43): Illuminate/Container/BoundMethod::Illuminate/Container/{closure}()
#19 C:/Users/anura/Desktop/Collab/CollabX/vendor/laravel/framework/src/Illuminate/Container/BoundMethod.php(95): Illuminate/Container/Util::unwrapIfClosure(Object(Closure))
#20 C:/Users/anura/Desktop/Collab/CollabX/vendor/laravel/framework/src/Illuminate/Container/BoundMethod.php(35): Illuminate/Container/BoundMethod::callBoundMethod(Object(Illuminate/Foundation/Application), Array, Object(Closure))
#21 C:/Users/anura/Desktop/Collab/CollabX/vendor/laravel/framework/src/Illuminate/Container/Container.php(696): Illuminate/Container/BoundMethod::call(Object(Illuminate/Foundation/Application), Array, Array, NULL)
#22 C:/Users/anura/Desktop/Collab/CollabX/vendor/laravel/framework/src/Illuminate/Database/Seeder.php(188): Illuminate/Container/Container->call(Array, Array)
#23 C:/Users/anura/Desktop/Collab/CollabX/vendor/laravel/framework/src/Illuminate/Database/Seeder.php(197): Illuminate/Database/Seeder->Illuminate/Database/{closure}()
#24 C:/Users/anura/Desktop/Collab/CollabX/vendor/laravel/framework/src/Illuminate/Database/Console/Seeds/SeedCommand.php(70): Illuminate/Database/Seeder->__invoke()
#25 C:/Users/anura/Desktop/Collab/CollabX/vendor/laravel/framework/src/Illuminate/Database/Eloquent/Concerns/GuardsAttributes.php(155): Illuminate/Database/Console/Seeds/SeedCommand->Illuminate/Database/Console/Seeds/{closure}()
#26 C:/Users/anura/Desktop/Collab/CollabX/vendor/laravel/framework/src/Illuminate/Database/Console/Seeds/SeedCommand.php(69): Illuminate/Database/Eloquent/Model::unguarded(Object(Closure))
#27 C:/Users/anura/Desktop/Collab/CollabX/vendor/laravel/framework/src/Illuminate/Container/BoundMethod.php(36): Illuminate/Database/Console/Seeds/SeedCommand->handle()
#28 C:/Users/anura/Desktop/Collab/CollabX/vendor/laravel/framework/src/Illuminate/Container/Util.php(43): Illuminate/Container/BoundMethod::Illuminate/Container/{closure}()
#29 C:/Users/anura/Desktop/Collab/CollabX/vendor/laravel/framework/src/Illuminate/Container/BoundMethod.php(95): Illuminate/Container/Util::unwrapIfClosure(Object(Closure))
#30 C:/Users/anura/Desktop/Collab/CollabX/vendor/laravel/framework/src/Illuminate/Container/BoundMethod.php(35): Illuminate/Container/BoundMethod::callBoundMethod(Object(Illuminate/Foundation/Application), Array, Object(Closure))
#31 C:/Users/anura/Desktop/Collab/CollabX/vendor/laravel/framework/src/Illuminate/Container/Container.php(696): Illuminate/Container/BoundMethod::call(Object(Illuminate/Foundation/Application), Array, Array, NULL)
#32 C:/Users/anura/Desktop/Collab/CollabX/vendor/laravel/framework/src/Illuminate/Console/Command.php(213): Illuminate/Container/Container->call(Array)
#33 C:/Users/anura/Desktop/Collab/CollabX/vendor/symfony/console/Command/Command.php(341): Illuminate/Console/Command->execute(Object(Symfony/Component/Console/Input/ArgvInput), Object(Illuminate/Console/OutputStyle))
#34 C:/Users/anura/Desktop/Collab/CollabX/vendor/laravel/framework/src/Illuminate/Console/Command.php(182): Symfony/Component/Console/Command/Command->run(Object(Symfony/Component/Console/Input/ArgvInput), Object(Illuminate/Console/OutputStyle))
#35 C:/Users/anura/Desktop/Collab/CollabX/vendor/symfony/console/Application.php(1117): Illuminate/Console/Command->run(Object(Symfony/Component/Console/Input/ArgvInput), Object(Symfony/Component/Console/Output/ConsoleOutput))
#36 C:/Users/anura/Desktop/Collab/CollabX/vendor/symfony/console/Application.php(356): Symfony/Component/Console/Application->doRunCommand(Object(Illuminate/Database/Console/Seeds/SeedCommand), Object(Symfony/Component/Console/Input/ArgvInput), Object(Symfony/Component/Console/Output/ConsoleOutput))
#37 C:/Users/anura/Desktop/Collab/CollabX/vendor/symfony/console/Application.php(195): Symfony/Component/Console/Application->doRun(Object(Symfony/Component/Console/Input/ArgvInput), Object(Symfony/Component/Console/Output/ConsoleOutput))
#38 C:/Users/anura/Desktop/Collab/CollabX/vendor/laravel/framework/src/Illuminate/Foundation/Console/Kernel.php(198): Symfony/Component/Console/Application->run(Object(Symfony/Component/Console/Input/ArgvInput), Object(Symfony/Component/Console/Output/ConsoleOutput))
#39 C:/Users/anura/Desktop/Collab/CollabX/artisan(35): Illuminate/Foundation/Console/Kernel->handle(Object(Symfony/Component/Console/Input/ArgvInput), Object(Symfony/Component/Console/Output/ConsoleOutput))
#40 {main}
"} 
[2026-05-12 23:34:20] local.INFO: Broadcasting [App\Events\Task\TaskCreated] on channels [private-App.Models.Project.3] with payload:
{
    "task": {
        "id": 1,
        "project_id": 3,
        "group_id": 2,
        "created_by_user_id": 1,
        "assigned_to_user_id": 7,
        "invoice_id": null,
        "name": "Design Login UI",
        "number": 1,
        "description": null,
        "due_on": "2026-05-15T00:00:00.000000Z",
        "estimation": null,
        "priority": {
            "id": 2,
            "label": "High",
            "color": "#E7590D",
            "order": 2,
            "created_at": "2026-05-11T20:51:06.000000Z",
            "updated_at": "2026-05-11T20:51:06.000000Z"
        },
        "pricing_type": "hourly",
        "fixed_price": null,
        "hidden_from_clients": false,
        "billable": true,
        "order_column": 1,
        "created_at": "2026-05-12T23:34:20.000000Z",
        "updated_at": "2026-05-12T23:34:20.000000Z",
        "assigned_at": "2026-05-12 23:34:20",
        "completed_at": null,
        "archived_at": null,
        "priority_id": 2,
        "price": 0,
        "project": {
            "id": 3,
            "client_company_id": 1,
            "name": "Mobile Banking App",
            "description": "Build a secure and user-friendly mobile banking application with core features including account management, money transfers, and transaction history.",
            "default_pricing_type": "hourly",
            "rate": 7500,
            "created_at": "2026-05-12T23:30:48.000000Z",
            "updated_at": "2026-05-12T23:30:48.000000Z",
            "archived_at": null
        },
        "created_by_user": {
            "id": 1,
            "name": "Admin",
            "email": "admin@mail.com",
            "email_verified_at": null,
            "avatar": null,
            "phone": "",
            "job_title": "Owner",
            "rate": 0,
            "google_id": null,
            "created_at": "2026-05-11T20:51:26.000000Z",
            "updated_at": "2026-05-11T20:51:26.000000Z",
            "archived_at": null
        },
        "assigned_to_user": {
            "id": 7,
            "name": "RAB",
            "email": "anuragbaibhavrab@gmail.com",
            "email_verified_at": null,
            "avatar": "\/storage\/avatars\/7.jpg",
            "phone": null,
            "job_title": "Frontend Developer",
            "rate": null,
            "google_id": null,
            "created_at": "2026-05-12T23:04:37.000000Z",
            "updated_at": "2026-05-12T23:15:38.000000Z",
            "archived_at": null
        },
        "subscribed_users": [
            {
                "id": 1,
                "name": "Admin",
                "email": "admin@mail.com",
                "email_verified_at": null,
                "avatar": null,
                "phone": "",
                "job_title": "Owner",
                "rate": 0,
                "google_id": null,
                "created_at": "2026-05-11T20:51:26.000000Z",
                "updated_at": "2026-05-11T20:51:26.000000Z",
                "archived_at": null,
                "pivot": {
                    "task_id": 1,
                    "user_id": 1
                }
            }
        ],
        "labels": [],
        "attachments": [],
        "time_logs": []
    },
    "socket": null
}  
[2026-05-12 23:35:03] local.INFO: Broadcasting [App\Events\Task\TaskUpdated] on channels [private-App.Models.Project.3] with payload:
{
    "taskId": 1,
    "property": "completed_at",
    "value": "2026-05-12T23:35:03.000000Z",
    "relatedData": null,
    "socket": null
}  
[2026-05-12 23:35:47] local.INFO: Broadcasting [App\Events\Task\TaskCreated] on channels [private-App.Models.Project.3] with payload:
{
    "task": {
        "id": 2,
        "project_id": 3,
        "group_id": 3,
        "created_by_user_id": 1,
        "assigned_to_user_id": 9,
        "invoice_id": null,
        "name": "Develop Backend API",
        "number": 2,
        "description": null,
        "due_on": null,
        "estimation": null,
        "priority": null,
        "pricing_type": "hourly",
        "fixed_price": null,
        "hidden_from_clients": false,
        "billable": true,
        "order_column": 2,
        "created_at": "2026-05-12T23:35:47.000000Z",
        "updated_at": "2026-05-12T23:35:47.000000Z",
        "assigned_at": "2026-05-12 23:35:47",
        "completed_at": null,
        "archived_at": null,
        "priority_id": null,
        "price": 0,
        "project": {
            "id": 3,
            "client_company_id": 1,
            "name": "Mobile Banking App",
            "description": "Build a secure and user-friendly mobile banking application with core features including account management, money transfers, and transaction history.",
            "default_pricing_type": "hourly",
            "rate": 7500,
            "created_at": "2026-05-12T23:30:48.000000Z",
            "updated_at": "2026-05-12T23:30:48.000000Z",
            "archived_at": null
        },
        "created_by_user": {
            "id": 1,
            "name": "Admin",
            "email": "admin@mail.com",
            "email_verified_at": null,
            "avatar": null,
            "phone": "",
            "job_title": "Owner",
            "rate": 0,
            "google_id": null,
            "created_at": "2026-05-11T20:51:26.000000Z",
            "updated_at": "2026-05-11T20:51:26.000000Z",
            "archived_at": null
        },
        "assigned_to_user": {
            "id": 9,
            "name": "Anurag",
            "email": "anuragbaibhavrishu@gmail.com",
            "email_verified_at": null,
            "avatar": null,
            "phone": null,
            "job_title": "Developer",
            "rate": 0,
            "google_id": null,
            "created_at": "2026-05-12T23:19:29.000000Z",
            "updated_at": "2026-05-12T23:21:57.000000Z",
            "archived_at": null
        },
        "subscribed_users": [
            {
                "id": 1,
                "name": "Admin",
                "email": "admin@mail.com",
                "email_verified_at": null,
                "avatar": null,
                "phone": "",
                "job_title": "Owner",
                "rate": 0,
                "google_id": null,
                "created_at": "2026-05-11T20:51:26.000000Z",
                "updated_at": "2026-05-11T20:51:26.000000Z",
                "archived_at": null,
                "pivot": {
                    "task_id": 2,
                    "user_id": 1
                }
            }
        ],
        "labels": [],
        "attachments": [],
        "time_logs": []
    },
    "socket": null
}  
[2026-05-12 23:37:30] local.INFO: Broadcasting [App\Events\Task\TaskUpdated] on channels [private-App.Models.Project.3] with payload:
{
    "taskId": 2,
    "property": "completed_at",
    "value": "2026-05-12T23:37:30.000000Z",
    "relatedData": null,
    "socket": null
}  
[2026-05-19 08:14:49] local.INFO: Broadcasting [App\Events\Task\TaskCreated] on channels [private-App.Models.Project.4] with payload:
{
    "task": {
        "id": 3,
        "project_id": 4,
        "group_id": 8,
        "created_by_user_id": 1,
        "assigned_to_user_id": null,
        "invoice_id": null,
        "name": "todo",
        "number": 1,
        "description": "<p>lol<\/p>",
        "due_on": null,
        "estimation": null,
        "priority": null,
        "pricing_type": "hourly",
        "fixed_price": null,
        "hidden_from_clients": false,
        "billable": true,
        "order_column": 3,
        "created_at": "2026-05-19T08:14:43.000000Z",
        "updated_at": "2026-05-19T08:14:43.000000Z",
        "assigned_at": null,
        "completed_at": null,
        "archived_at": null,
        "priority_id": null,
        "price": 0,
        "project": {
            "id": 4,
            "client_company_id": 1,
            "name": "colabX",
            "description": "have to make a responsive ui",
            "default_pricing_type": "hourly",
            "rate": 0,
            "created_at": "2026-05-18T04:24:27.000000Z",
            "updated_at": "2026-05-18T04:24:27.000000Z",
            "archived_at": null
        },
        "created_by_user": {
            "id": 1,
            "name": "Admin",
            "email": "admin@mail.com",
            "email_verified_at": null,
            "avatar": null,
            "phone": "",
            "job_title": "Owner",
            "rate": 0,
            "google_id": null,
            "created_at": "2026-05-11T20:51:26.000000Z",
            "updated_at": "2026-05-11T20:51:26.000000Z",
            "archived_at": null
        },
        "assigned_to_user": null,
        "subscribed_users": [
            {
                "id": 1,
                "name": "Admin",
                "email": "admin@mail.com",
                "email_verified_at": null,
                "avatar": null,
                "phone": "",
                "job_title": "Owner",
                "rate": 0,
                "google_id": null,
                "created_at": "2026-05-11T20:51:26.000000Z",
                "updated_at": "2026-05-11T20:51:26.000000Z",
                "archived_at": null,
                "pivot": {
                    "task_id": 3,
                    "user_id": 1
                }
            },
            {
                "id": 7,
                "name": "RAB",
                "email": "anuragbaibhavrab@gmail.com",
                "email_verified_at": null,
                "avatar": "\/storage\/avatars\/7.jpg",
                "phone": null,
                "job_title": "Frontend Developer",
                "rate": null,
                "google_id": null,
                "created_at": "2026-05-12T23:04:37.000000Z",
                "updated_at": "2026-05-12T23:15:38.000000Z",
                "archived_at": null,
                "pivot": {
                    "task_id": 3,
                    "user_id": 7
                }
            }
        ],
        "labels": [],
        "attachments": [],
        "time_logs": []
    },
    "socket": null
}  
[2026-05-19 08:14:50] local.INFO: Broadcasting [Illuminate\Notifications\Events\BroadcastNotificationCreated] on channels [private-App.Models.User.7] with payload:
{
    "task_id": 3,
    "title": "Admin created a new task",
    "subtitle": "On \"colabX\" project",
    "link": "http:\/\/127.0.0.1:8000\/projects\/4\/tasks\/3\/open",
    "created_at": "2026-05-12T23:04:37.000000Z",
    "read_at": null,
    "id": "87f7a566-1a25-4587-acde-b84758cc5e8d",
    "type": "App\\Notifications\\TaskCreatedNotification",
    "socket": null
}  
[2026-05-19 08:14:57] local.INFO: Broadcasting [App\Events\Task\TaskUpdated] on channels [private-App.Models.Project.4] with payload:
{
    "taskId": 3,
    "property": "completed_at",
    "value": "2026-05-19T08:14:57.000000Z",
    "relatedData": null,
    "socket": null
}  
[2026-05-19 08:15:37] local.INFO: Broadcasting [App\Events\Task\TaskCreated] on channels [private-App.Models.Project.4] with payload:
{
    "task": {
        "id": 4,
        "project_id": 4,
        "group_id": 8,
        "created_by_user_id": 1,
        "assigned_to_user_id": null,
        "invoice_id": null,
        "name": "todo",
        "number": 2,
        "description": "<p>lol<\/p>",
        "due_on": null,
        "estimation": null,
        "priority": null,
        "pricing_type": "hourly",
        "fixed_price": null,
        "hidden_from_clients": false,
        "billable": true,
        "order_column": 4,
        "created_at": "2026-05-19T08:15:37.000000Z",
        "updated_at": "2026-05-19T08:15:37.000000Z",
        "assigned_at": null,
        "completed_at": null,
        "archived_at": null,
        "priority_id": null,
        "price": 0,
        "project": {
            "id": 4,
            "client_company_id": 1,
            "name": "colabX",
            "description": "have to make a responsive ui",
            "default_pricing_type": "hourly",
            "rate": 0,
            "created_at": "2026-05-18T04:24:27.000000Z",
            "updated_at": "2026-05-18T04:24:27.000000Z",
            "archived_at": null
        },
        "created_by_user": {
            "id": 1,
            "name": "Admin",
            "email": "admin@mail.com",
            "email_verified_at": null,
            "avatar": null,
            "phone": "",
            "job_title": "Owner",
            "rate": 0,
            "google_id": null,
            "created_at": "2026-05-11T20:51:26.000000Z",
            "updated_at": "2026-05-11T20:51:26.000000Z",
            "archived_at": null
        },
        "assigned_to_user": null,
        "subscribed_users": [
            {
                "id": 1,
                "name": "Admin",
                "email": "admin@mail.com",
                "email_verified_at": null,
                "avatar": null,
                "phone": "",
                "job_title": "Owner",
                "rate": 0,
                "google_id": null,
                "created_at": "2026-05-11T20:51:26.000000Z",
                "updated_at": "2026-05-11T20:51:26.000000Z",
                "archived_at": null,
                "pivot": {
                    "task_id": 4,
                    "user_id": 1
                }
            },
            {
                "id": 7,
                "name": "RAB",
                "email": "anuragbaibhavrab@gmail.com",
                "email_verified_at": null,
                "avatar": "\/storage\/avatars\/7.jpg",
                "phone": null,
                "job_title": "Frontend Developer",
                "rate": null,
                "google_id": null,
                "created_at": "2026-05-12T23:04:37.000000Z",
                "updated_at": "2026-05-12T23:15:38.000000Z",
                "archived_at": null,
                "pivot": {
                    "task_id": 4,
                    "user_id": 7
                }
            }
        ],
        "labels": [],
        "attachments": [],
        "time_logs": []
    },
    "socket": null
}  
[2026-05-19 08:15:38] local.INFO: Broadcasting [Illuminate\Notifications\Events\BroadcastNotificationCreated] on channels [private-App.Models.User.7] with payload:
{
    "task_id": 4,
    "title": "Admin created a new task",
    "subtitle": "On \"colabX\" project",
    "link": "http:\/\/127.0.0.1:8000\/projects\/4\/tasks\/4\/open",
    "created_at": "2026-05-12T23:04:37.000000Z",
    "read_at": null,
    "id": "5e557a10-9d42-4917-812f-23383d4f2da4",
    "type": "App\\Notifications\\TaskCreatedNotification",
    "socket": null
}  
[2026-05-19 08:17:05] local.INFO: Broadcasting [App\Events\Task\TaskUpdated] on channels [private-App.Models.Project.4] with payload:
{
    "taskId": 4,
    "property": "completed_at",
    "value": "2026-05-19T08:17:04.000000Z",
    "relatedData": null,
    "socket": null
}  
[2026-05-19 08:17:08] local.INFO: Broadcasting [App\Events\Task\TaskOrderChanged] on channels [private-App.Models.Project.4] with payload:
{
    "groupId": 8,
    "fromIndex": 0,
    "toIndex": 0,
    "socket": null
}  
[2026-05-19 08:20:13] local.ERROR: Maximum execution time of 60 seconds exceeded {"exception":"[object] (Symfony\\Component\\ErrorHandler\\Error\\FatalError(code: 0): Maximum execution time of 60 seconds exceeded at C:/Users/anura/Desktop/Collab/CollabX/vendor/spatie/laravel-package-tools/src/PackageServiceProvider.php:21)
[stacktrace]
#0 {main}
"} 
[2026-05-19 08:33:23] local.ERROR: SQLSTATE[42S01]: Base table or view already exists: 1050 Table 'owner_company' already exists (Connection: mysql, SQL: create table `owner_company` (`id` bigint unsigned not null auto_increment primary key, `country_id` bigint unsigned null, `currency_id` bigint unsigned null, `name` varchar(255) not null, `logo` varchar(255) null, `address` varchar(255) null, `postal_code` varchar(255) null, `city` varchar(255) null, `email` varchar(255) null, `phone` varchar(255) null, `web` varchar(255) null, `iban` varchar(255) null, `swift` varchar(255) null, `business_id` varchar(255) null, `tax_id` varchar(255) null, `vat` varchar(255) null, `tax` smallint not null default '0') default character set utf8mb4 collate 'utf8mb4_unicode_ci') {"exception":"[object] (Illuminate\\Database\\QueryException(code: 42S01): SQLSTATE[42S01]: Base table or view already exists: 1050 Table 'owner_company' already exists (Connection: mysql, SQL: create table `owner_company` (`id` bigint unsigned not null auto_increment primary key, `country_id` bigint unsigned null, `currency_id` bigint unsigned null, `name` varchar(255) not null, `logo` varchar(255) null, `address` varchar(255) null, `postal_code` varchar(255) null, `city` varchar(255) null, `email` varchar(255) null, `phone` varchar(255) null, `web` varchar(255) null, `iban` varchar(255) null, `swift` varchar(255) null, `business_id` varchar(255) null, `tax_id` varchar(255) null, `vat` varchar(255) null, `tax` smallint not null default '0') default character set utf8mb4 collate 'utf8mb4_unicode_ci') at C:/Users/anura/Desktop/Collab/CollabX/vendor/laravel/framework/src/Illuminate/Database/Connection.php:825)
[stacktrace]
#0 C:/Users/anura/Desktop/Collab/CollabX/vendor/laravel/framework/src/Illuminate/Database/Connection.php(779): Illuminate/Database/Connection->runQueryCallback('create table `o...', Array, Object(Closure))
#1 C:/Users/anura/Desktop/Collab/CollabX/vendor/laravel/framework/src/Illuminate/Database/Connection.php(560): Illuminate/Database/Connection->run('create table `o...', Array, Object(Closure))
#2 C:/Users/anura/Desktop/Collab/CollabX/vendor/laravel/framework/src/Illuminate/Database/Schema/Blueprint.php(118): Illuminate/Database/Connection->statement('create table `o...')
#3 C:/Users/anura/Desktop/Collab/CollabX/vendor/laravel/framework/src/Illuminate/Database/Schema/Builder.php(564): Illuminate/Database/Schema/Blueprint->build(Object(Illuminate/Database/MySqlConnection), Object(Illuminate/Database/Schema/Grammars/MySqlGrammar))
#4 C:/Users/anura/Desktop/Collab/CollabX/vendor/laravel/framework/src/Illuminate/Database/Schema/Builder.php(418): Illuminate/Database/Schema/Builder->build(Object(Illuminate/Database/Schema/Blueprint))
#5 C:/Users/anura/Desktop/Collab/CollabX/vendor/laravel/framework/src/Illuminate/Support/Facades/Facade.php(361): Illuminate/Database/Schema/Builder->create('owner_company', Object(Closure))
#6 C:/Users/anura/Desktop/Collab/CollabX/database/migrations/2023_11_02_153937_create_owner_companies_table.php(14): Illuminate/Support/Facades/Facade::__callStatic('create', Array)
#7 C:/Users/anura/Desktop/Collab/CollabX/vendor/laravel/framework/src/Illuminate/Database/Migrations/Migrator.php(507): Illuminate/Database/Migrations/Migration@anonymous->up()
#8 C:/Users/anura/Desktop/Collab/CollabX/vendor/laravel/framework/src/Illuminate/Database/Migrations/Migrator.php(432): Illuminate/Database/Migrations/Migrator->runMethod(Object(Illuminate/Database/MySqlConnection), Object(Illuminate/Database/Migrations/Migration@anonymous), 'up')
#9 C:/Users/anura/Desktop/Collab/CollabX/vendor/laravel/framework/src/Illuminate/Database/Migrations/Migrator.php(441): Illuminate/Database/Migrations/Migrator->Illuminate/Database/Migrations/{closure}()
#10 C:/Users/anura/Desktop/Collab/CollabX/vendor/laravel/framework/src/Illuminate/Database/Migrations/Migrator.php(244): Illuminate/Database/Migrations/Migrator->runMigration(Object(Illuminate/Database/Migrations/Migration@anonymous), 'up')
#11 C:/Users/anura/Desktop/Collab/CollabX/vendor/laravel/framework/src/Illuminate/Console/View/Components/Task.php(40): Illuminate/Database/Migrations/Migrator->Illuminate/Database/Migrations/{closure}()
#12 C:/Users/anura/Desktop/Collab/CollabX/vendor/laravel/framework/src/Illuminate/Database/Migrations/Migrator.php(798): Illuminate/Console/View/Components/Task->render('2023_11_02_1539...', Object(Closure))
#13 C:/Users/anura/Desktop/Collab/CollabX/vendor/laravel/framework/src/Illuminate/Database/Migrations/Migrator.php(244): Illuminate/Database/Migrations/Migrator->write('Illuminate//Cons...', '2023_11_02_1539...', Object(Closure))
#14 C:/Users/anura/Desktop/Collab/CollabX/vendor/laravel/framework/src/Illuminate/Database/Migrations/Migrator.php(211): Illuminate/Database/Migrations/Migrator->runUp('C://Users//anura//...', 1, false)
#15 C:/Users/anura/Desktop/Collab/CollabX/vendor/laravel/framework/src/Illuminate/Database/Migrations/Migrator.php(138): Illuminate/Database/Migrations/Migrator->runPending(Array, Array)
#16 C:/Users/anura/Desktop/Collab/CollabX/vendor/laravel/framework/src/Illuminate/Database/Console/Migrations/MigrateCommand.php(117): Illuminate/Database/Migrations/Migrator->run(Array, Array)
#17 C:/Users/anura/Desktop/Collab/CollabX/vendor/laravel/framework/src/Illuminate/Database/Migrations/Migrator.php(658): Illuminate/Database/Console/Migrations/MigrateCommand->Illuminate/Database/Console/Migrations/{closure}()
#18 C:/Users/anura/Desktop/Collab/CollabX/vendor/laravel/framework/src/Illuminate/Database/Console/Migrations/MigrateCommand.php(110): Illuminate/Database/Migrations/Migrator->usingConnection(NULL, Object(Closure))
#19 C:/Users/anura/Desktop/Collab/CollabX/vendor/laravel/framework/src/Illuminate/Database/Console/Migrations/MigrateCommand.php(89): Illuminate/Database/Console/Migrations/MigrateCommand->runMigrations()
#20 C:/Users/anura/Desktop/Collab/CollabX/vendor/laravel/framework/src/Illuminate/Container/BoundMethod.php(36): Illuminate/Database/Console/Migrations/MigrateCommand->handle()
#21 C:/Users/anura/Desktop/Collab/CollabX/vendor/laravel/framework/src/Illuminate/Container/Util.php(43): Illuminate/Container/BoundMethod::Illuminate/Container/{closure}()
#22 C:/Users/anura/Desktop/Collab/CollabX/vendor/laravel/framework/src/Illuminate/Container/BoundMethod.php(95): Illuminate/Container/Util::unwrapIfClosure(Object(Closure))
#23 C:/Users/anura/Desktop/Collab/CollabX/vendor/laravel/framework/src/Illuminate/Container/BoundMethod.php(35): Illuminate/Container/BoundMethod::callBoundMethod(Object(Illuminate/Foundation/Application), Array, Object(Closure))
#24 C:/Users/anura/Desktop/Collab/CollabX/vendor/laravel/framework/src/Illuminate/Container/Container.php(696): Illuminate/Container/BoundMethod::call(Object(Illuminate/Foundation/Application), Array, Array, NULL)
#25 C:/Users/anura/Desktop/Collab/CollabX/vendor/laravel/framework/src/Illuminate/Console/Command.php(213): Illuminate/Container/Container->call(Array)
#26 C:/Users/anura/Desktop/Collab/CollabX/vendor/symfony/console/Command/Command.php(341): Illuminate/Console/Command->execute(Object(Symfony/Component/Console/Input/ArrayInput), Object(Illuminate/Console/OutputStyle))
#27 C:/Users/anura/Desktop/Collab/CollabX/vendor/laravel/framework/src/Illuminate/Console/Command.php(182): Symfony/Component/Console/Command/Command->run(Object(Symfony/Component/Console/Input/ArrayInput), Object(Illuminate/Console/OutputStyle))
#28 C:/Users/anura/Desktop/Collab/CollabX/vendor/laravel/framework/src/Illuminate/Console/Concerns/CallsCommands.php(68): Illuminate/Console/Command->run(Object(Symfony/Component/Console/Input/ArrayInput), Object(Illuminate/Console/OutputStyle))
#29 C:/Users/anura/Desktop/Collab/CollabX/vendor/laravel/framework/src/Illuminate/Console/Concerns/CallsCommands.php(29): Illuminate/Console/Command->runCommand('migrate', Array, Object(Illuminate/Console/OutputStyle))
#30 C:/Users/anura/Desktop/Collab/CollabX/vendor/laravel/framework/src/Illuminate/Database/Console/Migrations/RefreshCommand.php(65): Illuminate/Console/Command->call('migrate', Array)
#31 C:/Users/anura/Desktop/Collab/CollabX/vendor/laravel/framework/src/Illuminate/Container/BoundMethod.php(36): Illuminate/Database/Console/Migrations/RefreshCommand->handle()
#32 C:/Users/anura/Desktop/Collab/CollabX/vendor/laravel/framework/src/Illuminate/Container/Util.php(43): Illuminate/Container/BoundMethod::Illuminate/Container/{closure}()
#33 C:/Users/anura/Desktop/Collab/CollabX/vendor/laravel/framework/src/Illuminate/Container/BoundMethod.php(95): Illuminate/Container/Util::unwrapIfClosure(Object(Closure))
#34 C:/Users/anura/Desktop/Collab/CollabX/vendor/laravel/framework/src/Illuminate/Container/BoundMethod.php(35): Illuminate/Container/BoundMethod::callBoundMethod(Object(Illuminate/Foundation/Application), Array, Object(Closure))
#35 C:/Users/anura/Desktop/Collab/CollabX/vendor/laravel/framework/src/Illuminate/Container/Container.php(696): Illuminate/Container/BoundMethod::call(Object(Illuminate/Foundation/Application), Array, Array, NULL)
#36 C:/Users/anura/Desktop/Collab/CollabX/vendor/laravel/framework/src/Illuminate/Console/Command.php(213): Illuminate/Container/Container->call(Array)
#37 C:/Users/anura/Desktop/Collab/CollabX/vendor/symfony/console/Command/Command.php(341): Illuminate/Console/Command->execute(Object(Symfony/Component/Console/Input/ArgvInput), Object(Illuminate/Console/OutputStyle))
#38 C:/Users/anura/Desktop/Collab/CollabX/vendor/laravel/framework/src/Illuminate/Console/Command.php(182): Symfony/Component/Console/Command/Command->run(Object(Symfony/Component/Console/Input/ArgvInput), Object(Illuminate/Console/OutputStyle))
#39 C:/Users/anura/Desktop/Collab/CollabX/vendor/symfony/console/Application.php(1117): Illuminate/Console/Command->run(Object(Symfony/Component/Console/Input/ArgvInput), Object(Symfony/Component/Console/Output/ConsoleOutput))
#40 C:/Users/anura/Desktop/Collab/CollabX/vendor/symfony/console/Application.php(356): Symfony/Component/Console/Application->doRunCommand(Object(Illuminate/Database/Console/Migrations/RefreshCommand), Object(Symfony/Component/Console/Input/ArgvInput), Object(Symfony/Component/Console/Output/ConsoleOutput))
#41 C:/Users/anura/Desktop/Collab/CollabX/vendor/symfony/console/Application.php(195): Symfony/Component/Console/Application->doRun(Object(Symfony/Component/Console/Input/ArgvInput), Object(Symfony/Component/Console/Output/ConsoleOutput))
#42 C:/Users/anura/Desktop/Collab/CollabX/vendor/laravel/framework/src/Illuminate/Foundation/Console/Kernel.php(198): Symfony/Component/Console/Application->run(Object(Symfony/Component/Console/Input/ArgvInput), Object(Symfony/Component/Console/Output/ConsoleOutput))
#43 C:/Users/anura/Desktop/Collab/CollabX/artisan(35): Illuminate/Foundation/Console/Kernel->handle(Object(Symfony/Component/Console/Input/ArgvInput), Object(Symfony/Component/Console/Output/ConsoleOutput))
#44 {main}

[previous exception] [object] (PDOException(code: 42S01): SQLSTATE[42S01]: Base table or view already exists: 1050 Table 'owner_company' already exists at C:/Users/anura/Desktop/Collab/CollabX/vendor/laravel/framework/src/Illuminate/Database/Connection.php:571)
[stacktrace]
#0 C:/Users/anura/Desktop/Collab/CollabX/vendor/laravel/framework/src/Illuminate/Database/Connection.php(571): PDOStatement->execute()
#1 C:/Users/anura/Desktop/Collab/CollabX/vendor/laravel/framework/src/Illuminate/Database/Connection.php(812): Illuminate/Database/Connection->Illuminate/Database/{closure}('create table `o...', Array)
#2 C:/Users/anura/Desktop/Collab/CollabX/vendor/laravel/framework/src/Illuminate/Database/Connection.php(779): Illuminate/Database/Connection->runQueryCallback('create table `o...', Array, Object(Closure))
#3 C:/Users/anura/Desktop/Collab/CollabX/vendor/laravel/framework/src/Illuminate/Database/Connection.php(560): Illuminate/Database/Connection->run('create table `o...', Array, Object(Closure))
#4 C:/Users/anura/Desktop/Collab/CollabX/vendor/laravel/framework/src/Illuminate/Database/Schema/Blueprint.php(118): Illuminate/Database/Connection->statement('create table `o...')
#5 C:/Users/anura/Desktop/Collab/CollabX/vendor/laravel/framework/src/Illuminate/Database/Schema/Builder.php(564): Illuminate/Database/Schema/Blueprint->build(Object(Illuminate/Database/MySqlConnection), Object(Illuminate/Database/Schema/Grammars/MySqlGrammar))
#6 C:/Users/anura/Desktop/Collab/CollabX/vendor/laravel/framework/src/Illuminate/Database/Schema/Builder.php(418): Illuminate/Database/Schema/Builder->build(Object(Illuminate/Database/Schema/Blueprint))
#7 C:/Users/anura/Desktop/Collab/CollabX/vendor/laravel/framework/src/Illuminate/Support/Facades/Facade.php(361): Illuminate/Database/Schema/Builder->create('owner_company', Object(Closure))
#8 C:/Users/anura/Desktop/Collab/CollabX/database/migrations/2023_11_02_153937_create_owner_companies_table.php(14): Illuminate/Support/Facades/Facade::__callStatic('create', Array)
#9 C:/Users/anura/Desktop/Collab/CollabX/vendor/laravel/framework/src/Illuminate/Database/Migrations/Migrator.php(507): Illuminate/Database/Migrations/Migration@anonymous->up()
#10 C:/Users/anura/Desktop/Collab/CollabX/vendor/laravel/framework/src/Illuminate/Database/Migrations/Migrator.php(432): Illuminate/Database/Migrations/Migrator->runMethod(Object(Illuminate/Database/MySqlConnection), Object(Illuminate/Database/Migrations/Migration@anonymous), 'up')
#11 C:/Users/anura/Desktop/Collab/CollabX/vendor/laravel/framework/src/Illuminate/Database/Migrations/Migrator.php(441): Illuminate/Database/Migrations/Migrator->Illuminate/Database/Migrations/{closure}()
#12 C:/Users/anura/Desktop/Collab/CollabX/vendor/laravel/framework/src/Illuminate/Database/Migrations/Migrator.php(244): Illuminate/Database/Migrations/Migrator->runMigration(Object(Illuminate/Database/Migrations/Migration@anonymous), 'up')
#13 C:/Users/anura/Desktop/Collab/CollabX/vendor/laravel/framework/src/Illuminate/Console/View/Components/Task.php(40): Illuminate/Database/Migrations/Migrator->Illuminate/Database/Migrations/{closure}()
#14 C:/Users/anura/Desktop/Collab/CollabX/vendor/laravel/framework/src/Illuminate/Database/Migrations/Migrator.php(798): Illuminate/Console/View/Components/Task->render('2023_11_02_1539...', Object(Closure))
#15 C:/Users/anura/Desktop/Collab/CollabX/vendor/laravel/framework/src/Illuminate/Database/Migrations/Migrator.php(244): Illuminate/Database/Migrations/Migrator->write('Illuminate//Cons...', '2023_11_02_1539...', Object(Closure))
#16 C:/Users/anura/Desktop/Collab/CollabX/vendor/laravel/framework/src/Illuminate/Database/Migrations/Migrator.php(211): Illuminate/Database/Migrations/Migrator->runUp('C://Users//anura//...', 1, false)
#17 C:/Users/anura/Desktop/Collab/CollabX/vendor/laravel/framework/src/Illuminate/Database/Migrations/Migrator.php(138): Illuminate/Database/Migrations/Migrator->runPending(Array, Array)
#18 C:/Users/anura/Desktop/Collab/CollabX/vendor/laravel/framework/src/Illuminate/Database/Console/Migrations/MigrateCommand.php(117): Illuminate/Database/Migrations/Migrator->run(Array, Array)
#19 C:/Users/anura/Desktop/Collab/CollabX/vendor/laravel/framework/src/Illuminate/Database/Migrations/Migrator.php(658): Illuminate/Database/Console/Migrations/MigrateCommand->Illuminate/Database/Console/Migrations/{closure}()
#20 C:/Users/anura/Desktop/Collab/CollabX/vendor/laravel/framework/src/Illuminate/Database/Console/Migrations/MigrateCommand.php(110): Illuminate/Database/Migrations/Migrator->usingConnection(NULL, Object(Closure))
#21 C:/Users/anura/Desktop/Collab/CollabX/vendor/laravel/framework/src/Illuminate/Database/Console/Migrations/MigrateCommand.php(89): Illuminate/Database/Console/Migrations/MigrateCommand->runMigrations()
#22 C:/Users/anura/Desktop/Collab/CollabX/vendor/laravel/framework/src/Illuminate/Container/BoundMethod.php(36): Illuminate/Database/Console/Migrations/MigrateCommand->handle()
#23 C:/Users/anura/Desktop/Collab/CollabX/vendor/laravel/framework/src/Illuminate/Container/Util.php(43): Illuminate/Container/BoundMethod::Illuminate/Container/{closure}()
#24 C:/Users/anura/Desktop/Collab/CollabX/vendor/laravel/framework/src/Illuminate/Container/BoundMethod.php(95): Illuminate/Container/Util::unwrapIfClosure(Object(Closure))
#25 C:/Users/anura/Desktop/Collab/CollabX/vendor/laravel/framework/src/Illuminate/Container/BoundMethod.php(35): Illuminate/Container/BoundMethod::callBoundMethod(Object(Illuminate/Foundation/Application), Array, Object(Closure))
#26 C:/Users/anura/Desktop/Collab/CollabX/vendor/laravel/framework/src/Illuminate/Container/Container.php(696): Illuminate/Container/BoundMethod::call(Object(Illuminate/Foundation/Application), Array, Array, NULL)
#27 C:/Users/anura/Desktop/Collab/CollabX/vendor/laravel/framework/src/Illuminate/Console/Command.php(213): Illuminate/Container/Container->call(Array)
#28 C:/Users/anura/Desktop/Collab/CollabX/vendor/symfony/console/Command/Command.php(341): Illuminate/Console/Command->execute(Object(Symfony/Component/Console/Input/ArrayInput), Object(Illuminate/Console/OutputStyle))
#29 C:/Users/anura/Desktop/Collab/CollabX/vendor/laravel/framework/src/Illuminate/Console/Command.php(182): Symfony/Component/Console/Command/Command->run(Object(Symfony/Component/Console/Input/ArrayInput), Object(Illuminate/Console/OutputStyle))
#30 C:/Users/anura/Desktop/Collab/CollabX/vendor/laravel/framework/src/Illuminate/Console/Concerns/CallsCommands.php(68): Illuminate/Console/Command->run(Object(Symfony/Component/Console/Input/ArrayInput), Object(Illuminate/Console/OutputStyle))
#31 C:/Users/anura/Desktop/Collab/CollabX/vendor/laravel/framework/src/Illuminate/Console/Concerns/CallsCommands.php(29): Illuminate/Console/Command->runCommand('migrate', Array, Object(Illuminate/Console/OutputStyle))
#32 C:/Users/anura/Desktop/Collab/CollabX/vendor/laravel/framework/src/Illuminate/Database/Console/Migrations/RefreshCommand.php(65): Illuminate/Console/Command->call('migrate', Array)
#33 C:/Users/anura/Desktop/Collab/CollabX/vendor/laravel/framework/src/Illuminate/Container/BoundMethod.php(36): Illuminate/Database/Console/Migrations/RefreshCommand->handle()
#34 C:/Users/anura/Desktop/Collab/CollabX/vendor/laravel/framework/src/Illuminate/Container/Util.php(43): Illuminate/Container/BoundMethod::Illuminate/Container/{closure}()
#35 C:/Users/anura/Desktop/Collab/CollabX/vendor/laravel/framework/src/Illuminate/Container/BoundMethod.php(95): Illuminate/Container/Util::unwrapIfClosure(Object(Closure))
#36 C:/Users/anura/Desktop/Collab/CollabX/vendor/laravel/framework/src/Illuminate/Container/BoundMethod.php(35): Illuminate/Container/BoundMethod::callBoundMethod(Object(Illuminate/Foundation/Application), Array, Object(Closure))
#37 C:/Users/anura/Desktop/Collab/CollabX/vendor/laravel/framework/src/Illuminate/Container/Container.php(696): Illuminate/Container/BoundMethod::call(Object(Illuminate/Foundation/Application), Array, Array, NULL)
#38 C:/Users/anura/Desktop/Collab/CollabX/vendor/laravel/framework/src/Illuminate/Console/Command.php(213): Illuminate/Container/Container->call(Array)
#39 C:/Users/anura/Desktop/Collab/CollabX/vendor/symfony/console/Command/Command.php(341): Illuminate/Console/Command->execute(Object(Symfony/Component/Console/Input/ArgvInput), Object(Illuminate/Console/OutputStyle))
#40 C:/Users/anura/Desktop/Collab/CollabX/vendor/laravel/framework/src/Illuminate/Console/Command.php(182): Symfony/Component/Console/Command/Command->run(Object(Symfony/Component/Console/Input/ArgvInput), Object(Illuminate/Console/OutputStyle))
#41 C:/Users/anura/Desktop/Collab/CollabX/vendor/symfony/console/Application.php(1117): Illuminate/Console/Command->run(Object(Symfony/Component/Console/Input/ArgvInput), Object(Symfony/Component/Console/Output/ConsoleOutput))
#42 C:/Users/anura/Desktop/Collab/CollabX/vendor/symfony/console/Application.php(356): Symfony/Component/Console/Application->doRunCommand(Object(Illuminate/Database/Console/Migrations/RefreshCommand), Object(Symfony/Component/Console/Input/ArgvInput), Object(Symfony/Component/Console/Output/ConsoleOutput))
#43 C:/Users/anura/Desktop/Collab/CollabX/vendor/symfony/console/Application.php(195): Symfony/Component/Console/Application->doRun(Object(Symfony/Component/Console/Input/ArgvInput), Object(Symfony/Component/Console/Output/ConsoleOutput))
#44 C:/Users/anura/Desktop/Collab/CollabX/vendor/laravel/framework/src/Illuminate/Foundation/Console/Kernel.php(198): Symfony/Component/Console/Application->run(Object(Symfony/Component/Console/Input/ArgvInput), Object(Symfony/Component/Console/Output/ConsoleOutput))
#45 C:/Users/anura/Desktop/Collab/CollabX/artisan(35): Illuminate/Foundation/Console/Kernel->handle(Object(Symfony/Component/Console/Input/ArgvInput), Object(Symfony/Component/Console/Output/ConsoleOutput))
#46 {main}
"} 
[2026-05-19 08:34:10] local.ERROR: SQLSTATE[42S01]: Base table or view already exists: 1050 Table 'owner_company' already exists (Connection: mysql, SQL: create table `owner_company` (`id` bigint unsigned not null auto_increment primary key, `country_id` bigint unsigned null, `currency_id` bigint unsigned null, `name` varchar(255) not null, `logo` varchar(255) null, `address` varchar(255) null, `postal_code` varchar(255) null, `city` varchar(255) null, `email` varchar(255) null, `phone` varchar(255) null, `web` varchar(255) null, `iban` varchar(255) null, `swift` varchar(255) null, `business_id` varchar(255) null, `tax_id` varchar(255) null, `vat` varchar(255) null, `tax` smallint not null default '0') default character set utf8mb4 collate 'utf8mb4_unicode_ci') {"exception":"[object] (Illuminate\\Database\\QueryException(code: 42S01): SQLSTATE[42S01]: Base table or view already exists: 1050 Table 'owner_company' already exists (Connection: mysql, SQL: create table `owner_company` (`id` bigint unsigned not null auto_increment primary key, `country_id` bigint unsigned null, `currency_id` bigint unsigned null, `name` varchar(255) not null, `logo` varchar(255) null, `address` varchar(255) null, `postal_code` varchar(255) null, `city` varchar(255) null, `email` varchar(255) null, `phone` varchar(255) null, `web` varchar(255) null, `iban` varchar(255) null, `swift` varchar(255) null, `business_id` varchar(255) null, `tax_id` varchar(255) null, `vat` varchar(255) null, `tax` smallint not null default '0') default character set utf8mb4 collate 'utf8mb4_unicode_ci') at C:/Users/anura/Desktop/Collab/CollabX/vendor/laravel/framework/src/Illuminate/Database/Connection.php:825)
[stacktrace]
#0 C:/Users/anura/Desktop/Collab/CollabX/vendor/laravel/framework/src/Illuminate/Database/Connection.php(779): Illuminate/Database/Connection->runQueryCallback('create table `o...', Array, Object(Closure))
#1 C:/Users/anura/Desktop/Collab/CollabX/vendor/laravel/framework/src/Illuminate/Database/Connection.php(560): Illuminate/Database/Connection->run('create table `o...', Array, Object(Closure))
#2 C:/Users/anura/Desktop/Collab/CollabX/vendor/laravel/framework/src/Illuminate/Database/Schema/Blueprint.php(118): Illuminate/Database/Connection->statement('create table `o...')
#3 C:/Users/anura/Desktop/Collab/CollabX/vendor/laravel/framework/src/Illuminate/Database/Schema/Builder.php(564): Illuminate/Database/Schema/Blueprint->build(Object(Illuminate/Database/MySqlConnection), Object(Illuminate/Database/Schema/Grammars/MySqlGrammar))
#4 C:/Users/anura/Desktop/Collab/CollabX/vendor/laravel/framework/src/Illuminate/Database/Schema/Builder.php(418): Illuminate/Database/Schema/Builder->build(Object(Illuminate/Database/Schema/Blueprint))
#5 C:/Users/anura/Desktop/Collab/CollabX/vendor/laravel/framework/src/Illuminate/Support/Facades/Facade.php(361): Illuminate/Database/Schema/Builder->create('owner_company', Object(Closure))
#6 C:/Users/anura/Desktop/Collab/CollabX/database/migrations/2023_11_02_153937_create_owner_companies_table.php(14): Illuminate/Support/Facades/Facade::__callStatic('create', Array)
#7 C:/Users/anura/Desktop/Collab/CollabX/vendor/laravel/framework/src/Illuminate/Database/Migrations/Migrator.php(507): Illuminate/Database/Migrations/Migration@anonymous->up()
#8 C:/Users/anura/Desktop/Collab/CollabX/vendor/laravel/framework/src/Illuminate/Database/Migrations/Migrator.php(432): Illuminate/Database/Migrations/Migrator->runMethod(Object(Illuminate/Database/MySqlConnection), Object(Illuminate/Database/Migrations/Migration@anonymous), 'up')
#9 C:/Users/anura/Desktop/Collab/CollabX/vendor/laravel/framework/src/Illuminate/Database/Migrations/Migrator.php(441): Illuminate/Database/Migrations/Migrator->Illuminate/Database/Migrations/{closure}()
#10 C:/Users/anura/Desktop/Collab/CollabX/vendor/laravel/framework/src/Illuminate/Database/Migrations/Migrator.php(244): Illuminate/Database/Migrations/Migrator->runMigration(Object(Illuminate/Database/Migrations/Migration@anonymous), 'up')
#11 C:/Users/anura/Desktop/Collab/CollabX/vendor/laravel/framework/src/Illuminate/Console/View/Components/Task.php(40): Illuminate/Database/Migrations/Migrator->Illuminate/Database/Migrations/{closure}()
#12 C:/Users/anura/Desktop/Collab/CollabX/vendor/laravel/framework/src/Illuminate/Database/Migrations/Migrator.php(798): Illuminate/Console/View/Components/Task->render('2023_11_02_1539...', Object(Closure))
#13 C:/Users/anura/Desktop/Collab/CollabX/vendor/laravel/framework/src/Illuminate/Database/Migrations/Migrator.php(244): Illuminate/Database/Migrations/Migrator->write('Illuminate//Cons...', '2023_11_02_1539...', Object(Closure))
#14 C:/Users/anura/Desktop/Collab/CollabX/vendor/laravel/framework/src/Illuminate/Database/Migrations/Migrator.php(211): Illuminate/Database/Migrations/Migrator->runUp('C://Users//anura//...', 1, false)
#15 C:/Users/anura/Desktop/Collab/CollabX/vendor/laravel/framework/src/Illuminate/Database/Migrations/Migrator.php(138): Illuminate/Database/Migrations/Migrator->runPending(Array, Array)
#16 C:/Users/anura/Desktop/Collab/CollabX/vendor/laravel/framework/src/Illuminate/Database/Console/Migrations/MigrateCommand.php(117): Illuminate/Database/Migrations/Migrator->run(Array, Array)
#17 C:/Users/anura/Desktop/Collab/CollabX/vendor/laravel/framework/src/Illuminate/Database/Migrations/Migrator.php(658): Illuminate/Database/Console/Migrations/MigrateCommand->Illuminate/Database/Console/Migrations/{closure}()
#18 C:/Users/anura/Desktop/Collab/CollabX/vendor/laravel/framework/src/Illuminate/Database/Console/Migrations/MigrateCommand.php(110): Illuminate/Database/Migrations/Migrator->usingConnection(NULL, Object(Closure))
#19 C:/Users/anura/Desktop/Collab/CollabX/vendor/laravel/framework/src/Illuminate/Database/Console/Migrations/MigrateCommand.php(89): Illuminate/Database/Console/Migrations/MigrateCommand->runMigrations()
#20 C:/Users/anura/Desktop/Collab/CollabX/vendor/laravel/framework/src/Illuminate/Container/BoundMethod.php(36): Illuminate/Database/Console/Migrations/MigrateCommand->handle()
#21 C:/Users/anura/Desktop/Collab/CollabX/vendor/laravel/framework/src/Illuminate/Container/Util.php(43): Illuminate/Container/BoundMethod::Illuminate/Container/{closure}()
#22 C:/Users/anura/Desktop/Collab/CollabX/vendor/laravel/framework/src/Illuminate/Container/BoundMethod.php(95): Illuminate/Container/Util::unwrapIfClosure(Object(Closure))
#23 C:/Users/anura/Desktop/Collab/CollabX/vendor/laravel/framework/src/Illuminate/Container/BoundMethod.php(35): Illuminate/Container/BoundMethod::callBoundMethod(Object(Illuminate/Foundation/Application), Array, Object(Closure))
#24 C:/Users/anura/Desktop/Collab/CollabX/vendor/laravel/framework/src/Illuminate/Container/Container.php(696): Illuminate/Container/BoundMethod::call(Object(Illuminate/Foundation/Application), Array, Array, NULL)
#25 C:/Users/anura/Desktop/Collab/CollabX/vendor/laravel/framework/src/Illuminate/Console/Command.php(213): Illuminate/Container/Container->call(Array)
#26 C:/Users/anura/Desktop/Collab/CollabX/vendor/symfony/console/Command/Command.php(341): Illuminate/Console/Command->execute(Object(Symfony/Component/Console/Input/ArgvInput), Object(Illuminate/Console/OutputStyle))
#27 C:/Users/anura/Desktop/Collab/CollabX/vendor/laravel/framework/src/Illuminate/Console/Command.php(182): Symfony/Component/Console/Command/Command->run(Object(Symfony/Component/Console/Input/ArgvInput), Object(Illuminate/Console/OutputStyle))
#28 C:/Users/anura/Desktop/Collab/CollabX/vendor/symfony/console/Application.php(1117): Illuminate/Console/Command->run(Object(Symfony/Component/Console/Input/ArgvInput), Object(Symfony/Component/Console/Output/ConsoleOutput))
#29 C:/Users/anura/Desktop/Collab/CollabX/vendor/symfony/console/Application.php(356): Symfony/Component/Console/Application->doRunCommand(Object(Illuminate/Database/Console/Migrations/MigrateCommand), Object(Symfony/Component/Console/Input/ArgvInput), Object(Symfony/Component/Console/Output/ConsoleOutput))
#30 C:/Users/anura/Desktop/Collab/CollabX/vendor/symfony/console/Application.php(195): Symfony/Component/Console/Application->doRun(Object(Symfony/Component/Console/Input/ArgvInput), Object(Symfony/Component/Console/Output/ConsoleOutput))
#31 C:/Users/anura/Desktop/Collab/CollabX/vendor/laravel/framework/src/Illuminate/Foundation/Console/Kernel.php(198): Symfony/Component/Console/Application->run(Object(Symfony/Component/Console/Input/ArgvInput), Object(Symfony/Component/Console/Output/ConsoleOutput))
#32 C:/Users/anura/Desktop/Collab/CollabX/artisan(35): Illuminate/Foundation/Console/Kernel->handle(Object(Symfony/Component/Console/Input/ArgvInput), Object(Symfony/Component/Console/Output/ConsoleOutput))
#33 {main}

[previous exception] [object] (PDOException(code: 42S01): SQLSTATE[42S01]: Base table or view already exists: 1050 Table 'owner_company' already exists at C:/Users/anura/Desktop/Collab/CollabX/vendor/laravel/framework/src/Illuminate/Database/Connection.php:571)
[stacktrace]
#0 C:/Users/anura/Desktop/Collab/CollabX/vendor/laravel/framework/src/Illuminate/Database/Connection.php(571): PDOStatement->execute()
#1 C:/Users/anura/Desktop/Collab/CollabX/vendor/laravel/framework/src/Illuminate/Database/Connection.php(812): Illuminate/Database/Connection->Illuminate/Database/{closure}('create table `o...', Array)
#2 C:/Users/anura/Desktop/Collab/CollabX/vendor/laravel/framework/src/Illuminate/Database/Connection.php(779): Illuminate/Database/Connection->runQueryCallback('create table `o...', Array, Object(Closure))
#3 C:/Users/anura/Desktop/Collab/CollabX/vendor/laravel/framework/src/Illuminate/Database/Connection.php(560): Illuminate/Database/Connection->run('create table `o...', Array, Object(Closure))
#4 C:/Users/anura/Desktop/Collab/CollabX/vendor/laravel/framework/src/Illuminate/Database/Schema/Blueprint.php(118): Illuminate/Database/Connection->statement('create table `o...')
#5 C:/Users/anura/Desktop/Collab/CollabX/vendor/laravel/framework/src/Illuminate/Database/Schema/Builder.php(564): Illuminate/Database/Schema/Blueprint->build(Object(Illuminate/Database/MySqlConnection), Object(Illuminate/Database/Schema/Grammars/MySqlGrammar))
#6 C:/Users/anura/Desktop/Collab/CollabX/vendor/laravel/framework/src/Illuminate/Database/Schema/Builder.php(418): Illuminate/Database/Schema/Builder->build(Object(Illuminate/Database/Schema/Blueprint))
#7 C:/Users/anura/Desktop/Collab/CollabX/vendor/laravel/framework/src/Illuminate/Support/Facades/Facade.php(361): Illuminate/Database/Schema/Builder->create('owner_company', Object(Closure))
#8 C:/Users/anura/Desktop/Collab/CollabX/database/migrations/2023_11_02_153937_create_owner_companies_table.php(14): Illuminate/Support/Facades/Facade::__callStatic('create', Array)
#9 C:/Users/anura/Desktop/Collab/CollabX/vendor/laravel/framework/src/Illuminate/Database/Migrations/Migrator.php(507): Illuminate/Database/Migrations/Migration@anonymous->up()
#10 C:/Users/anura/Desktop/Collab/CollabX/vendor/laravel/framework/src/Illuminate/Database/Migrations/Migrator.php(432): Illuminate/Database/Migrations/Migrator->runMethod(Object(Illuminate/Database/MySqlConnection), Object(Illuminate/Database/Migrations/Migration@anonymous), 'up')
#11 C:/Users/anura/Desktop/Collab/CollabX/vendor/laravel/framework/src/Illuminate/Database/Migrations/Migrator.php(441): Illuminate/Database/Migrations/Migrator->Illuminate/Database/Migrations/{closure}()
#12 C:/Users/anura/Desktop/Collab/CollabX/vendor/laravel/framework/src/Illuminate/Database/Migrations/Migrator.php(244): Illuminate/Database/Migrations/Migrator->runMigration(Object(Illuminate/Database/Migrations/Migration@anonymous), 'up')
#13 C:/Users/anura/Desktop/Collab/CollabX/vendor/laravel/framework/src/Illuminate/Console/View/Components/Task.php(40): Illuminate/Database/Migrations/Migrator->Illuminate/Database/Migrations/{closure}()
#14 C:/Users/anura/Desktop/Collab/CollabX/vendor/laravel/framework/src/Illuminate/Database/Migrations/Migrator.php(798): Illuminate/Console/View/Components/Task->render('2023_11_02_1539...', Object(Closure))
#15 C:/Users/anura/Desktop/Collab/CollabX/vendor/laravel/framework/src/Illuminate/Database/Migrations/Migrator.php(244): Illuminate/Database/Migrations/Migrator->write('Illuminate//Cons...', '2023_11_02_1539...', Object(Closure))
#16 C:/Users/anura/Desktop/Collab/CollabX/vendor/laravel/framework/src/Illuminate/Database/Migrations/Migrator.php(211): Illuminate/Database/Migrations/Migrator->runUp('C://Users//anura//...', 1, false)
#17 C:/Users/anura/Desktop/Collab/CollabX/vendor/laravel/framework/src/Illuminate/Database/Migrations/Migrator.php(138): Illuminate/Database/Migrations/Migrator->runPending(Array, Array)
#18 C:/Users/anura/Desktop/Collab/CollabX/vendor/laravel/framework/src/Illuminate/Database/Console/Migrations/MigrateCommand.php(117): Illuminate/Database/Migrations/Migrator->run(Array, Array)
#19 C:/Users/anura/Desktop/Collab/CollabX/vendor/laravel/framework/src/Illuminate/Database/Migrations/Migrator.php(658): Illuminate/Database/Console/Migrations/MigrateCommand->Illuminate/Database/Console/Migrations/{closure}()
#20 C:/Users/anura/Desktop/Collab/CollabX/vendor/laravel/framework/src/Illuminate/Database/Console/Migrations/MigrateCommand.php(110): Illuminate/Database/Migrations/Migrator->usingConnection(NULL, Object(Closure))
#21 C:/Users/anura/Desktop/Collab/CollabX/vendor/laravel/framework/src/Illuminate/Database/Console/Migrations/MigrateCommand.php(89): Illuminate/Database/Console/Migrations/MigrateCommand->runMigrations()
#22 C:/Users/anura/Desktop/Collab/CollabX/vendor/laravel/framework/src/Illuminate/Container/BoundMethod.php(36): Illuminate/Database/Console/Migrations/MigrateCommand->handle()
#23 C:/Users/anura/Desktop/Collab/CollabX/vendor/laravel/framework/src/Illuminate/Container/Util.php(43): Illuminate/Container/BoundMethod::Illuminate/Container/{closure}()
#24 C:/Users/anura/Desktop/Collab/CollabX/vendor/laravel/framework/src/Illuminate/Container/BoundMethod.php(95): Illuminate/Container/Util::unwrapIfClosure(Object(Closure))
#25 C:/Users/anura/Desktop/Collab/CollabX/vendor/laravel/framework/src/Illuminate/Container/BoundMethod.php(35): Illuminate/Container/BoundMethod::callBoundMethod(Object(Illuminate/Foundation/Application), Array, Object(Closure))
#26 C:/Users/anura/Desktop/Collab/CollabX/vendor/laravel/framework/src/Illuminate/Container/Container.php(696): Illuminate/Container/BoundMethod::call(Object(Illuminate/Foundation/Application), Array, Array, NULL)
#27 C:/Users/anura/Desktop/Collab/CollabX/vendor/laravel/framework/src/Illuminate/Console/Command.php(213): Illuminate/Container/Container->call(Array)
#28 C:/Users/anura/Desktop/Collab/CollabX/vendor/symfony/console/Command/Command.php(341): Illuminate/Console/Command->execute(Object(Symfony/Component/Console/Input/ArgvInput), Object(Illuminate/Console/OutputStyle))
#29 C:/Users/anura/Desktop/Collab/CollabX/vendor/laravel/framework/src/Illuminate/Console/Command.php(182): Symfony/Component/Console/Command/Command->run(Object(Symfony/Component/Console/Input/ArgvInput), Object(Illuminate/Console/OutputStyle))
#30 C:/Users/anura/Desktop/Collab/CollabX/vendor/symfony/console/Application.php(1117): Illuminate/Console/Command->run(Object(Symfony/Component/Console/Input/ArgvInput), Object(Symfony/Component/Console/Output/ConsoleOutput))
#31 C:/Users/anura/Desktop/Collab/CollabX/vendor/symfony/console/Application.php(356): Symfony/Component/Console/Application->doRunCommand(Object(Illuminate/Database/Console/Migrations/MigrateCommand), Object(Symfony/Component/Console/Input/ArgvInput), Object(Symfony/Component/Console/Output/ConsoleOutput))
#32 C:/Users/anura/Desktop/Collab/CollabX/vendor/symfony/console/Application.php(195): Symfony/Component/Console/Application->doRun(Object(Symfony/Component/Console/Input/ArgvInput), Object(Symfony/Component/Console/Output/ConsoleOutput))
#33 C:/Users/anura/Desktop/Collab/CollabX/vendor/laravel/framework/src/Illuminate/Foundation/Console/Kernel.php(198): Symfony/Component/Console/Application->run(Object(Symfony/Component/Console/Input/ArgvInput), Object(Symfony/Component/Console/Output/ConsoleOutput))
#34 C:/Users/anura/Desktop/Collab/CollabX/artisan(35): Illuminate/Foundation/Console/Kernel->handle(Object(Symfony/Component/Console/Input/ArgvInput), Object(Symfony/Component/Console/Output/ConsoleOutput))
#35 {main}
"} 
[2026-05-19 13:28:50] local.ERROR: Declaration of App\Notifications\ResetPassword::toMail(object $notifiable): Illuminate\Notifications\Messages\MailMessage must be compatible with Illuminate\Auth\Notifications\ResetPassword::toMail($notifiable) {"exception":"[object] (Symfony\\Component\\ErrorHandler\\Error\\FatalError(code: 0): Declaration of App\\Notifications\\ResetPassword::toMail(object $notifiable): Illuminate\\Notifications\\Messages\\MailMessage must be compatible with Illuminate\\Auth\\Notifications\\ResetPassword::toMail($notifiable) at C:/Users/anura/Desktop/Collab/CollabX/app/Notifications/ResetPassword.php:26)
[stacktrace]
#0 {main}
"} 
[2026-05-19 13:30:16] local.ERROR: Declaration of App\Notifications\ResetPassword::toMail(object $notifiable): Illuminate\Notifications\Messages\MailMessage must be compatible with Illuminate\Auth\Notifications\ResetPassword::toMail($notifiable) {"exception":"[object] (Symfony\\Component\\ErrorHandler\\Error\\FatalError(code: 0): Declaration of App\\Notifications\\ResetPassword::toMail(object $notifiable): Illuminate\\Notifications\\Messages\\MailMessage must be compatible with Illuminate\\Auth\\Notifications\\ResetPassword::toMail($notifiable) at C:/Users/anura/Desktop/Collab/CollabX/app/Notifications/ResetPassword.php:26)
[stacktrace]
#0 {main}
"} 
[2026-05-19 13:31:55] local.ERROR: Undefined property: App\Notifications\ResetPassword::$guard {"exception":"[object] (ErrorException(code: 0): Undefined property: App\\Notifications\\ResetPassword::$guard at C:/Users/anura/Desktop/Collab/CollabX/app/Notifications/ResetPassword.php:36)
[stacktrace]
#0 C:/Users/anura/Desktop/Collab/CollabX/vendor/laravel/framework/src/Illuminate/Foundation/Bootstrap/HandleExceptions.php(258): Illuminate/Foundation/Bootstrap/HandleExceptions->handleError(2, 'Undefined prope...', 'C://Users//anura//...', 36)
#1 C:/Users/anura/Desktop/Collab/CollabX/app/Notifications/ResetPassword.php(36): Illuminate/Foundation/Bootstrap/HandleExceptions->Illuminate/Foundation/Bootstrap/{closure}(2, 'Undefined prope...', 'C://Users//anura//...', 36)
#2 C:/Users/anura/Desktop/Collab/CollabX/vendor/itsgoingd/clockwork/Clockwork/DataSource/LaravelNotificationsDataSource.php(152): App/Notifications/ResetPassword->toMail(Object(App/Models/User))
#3 C:/Users/anura/Desktop/Collab/CollabX/vendor/itsgoingd/clockwork/Clockwork/DataSource/LaravelNotificationsDataSource.php(99): Clockwork/DataSource/LaravelNotificationsDataSource->resolveChannelSpecific(Object(Illuminate/Notifications/Events/NotificationSending))
#4 C:/Users/anura/Desktop/Collab/CollabX/vendor/itsgoingd/clockwork/Clockwork/DataSource/LaravelNotificationsDataSource.php(49): Clockwork/DataSource/LaravelNotificationsDataSource->sendingNotification(Object(Illuminate/Notifications/Events/NotificationSending))
#5 C:/Users/anura/Desktop/Collab/CollabX/vendor/laravel/framework/src/Illuminate/Events/Dispatcher.php(459): Clockwork/DataSource/LaravelNotificationsDataSource->Clockwork/DataSource/{closure}(Object(Illuminate/Notifications/Events/NotificationSending))
#6 C:/Users/anura/Desktop/Collab/CollabX/vendor/laravel/framework/src/Illuminate/Events/Dispatcher.php(287): Illuminate/Events/Dispatcher->Illuminate/Events/{closure}('Illuminate//Noti...', Array)
#7 C:/Users/anura/Desktop/Collab/CollabX/vendor/laravel/framework/src/Illuminate/Events/Dispatcher.php(267): Illuminate/Events/Dispatcher->invokeListeners('Illuminate//Noti...', Array, true)
#8 C:/Users/anura/Desktop/Collab/CollabX/vendor/laravel/framework/src/Illuminate/Events/Dispatcher.php(233): Illuminate/Events/Dispatcher->dispatch('Illuminate//Noti...', Array, true)
#9 C:/Users/anura/Desktop/Collab/CollabX/vendor/laravel/framework/src/Illuminate/Notifications/NotificationSender.php(170): Illuminate/Events/Dispatcher->until(Object(Illuminate/Notifications/Events/NotificationSending))
#10 C:/Users/anura/Desktop/Collab/CollabX/vendor/laravel/framework/src/Illuminate/Notifications/NotificationSender.php(144): Illuminate/Notifications/NotificationSender->shouldSendNotification(Object(App/Models/User), Object(App/Notifications/ResetPassword), 'mail')
#11 C:/Users/anura/Desktop/Collab/CollabX/vendor/laravel/framework/src/Illuminate/Notifications/NotificationSender.php(106): Illuminate/Notifications/NotificationSender->sendToNotifiable(Object(App/Models/User), '36f8862c-6054-4...', Object(App/Notifications/ResetPassword), 'mail')
#12 C:/Users/anura/Desktop/Collab/CollabX/vendor/laravel/framework/src/Illuminate/Support/Traits/Localizable.php(19): Illuminate/Notifications/NotificationSender->Illuminate/Notifications/{closure}()
#13 C:/Users/anura/Desktop/Collab/CollabX/vendor/laravel/framework/src/Illuminate/Notifications/NotificationSender.php(101): Illuminate/Notifications/NotificationSender->withLocale(NULL, Object(Closure))
#14 C:/Users/anura/Desktop/Collab/CollabX/vendor/laravel/framework/src/Illuminate/Notifications/NotificationSender.php(79): Illuminate/Notifications/NotificationSender->sendNow(Object(Illuminate/Database/Eloquent/Collection), Object(App/Notifications/ResetPassword))
#15 C:/Users/anura/Desktop/Collab/CollabX/vendor/laravel/framework/src/Illuminate/Notifications/ChannelManager.php(39): Illuminate/Notifications/NotificationSender->send(Object(Illuminate/Database/Eloquent/Collection), Object(App/Notifications/ResetPassword))
#16 C:/Users/anura/Desktop/Collab/CollabX/vendor/laravel/framework/src/Illuminate/Notifications/RoutesNotifications.php(18): Illuminate/Notifications/ChannelManager->send(Object(App/Models/User), Object(App/Notifications/ResetPassword))
#17 C:/Users/anura/Desktop/Collab/CollabX/app/Models/User.php(125): App/Models/User->notify(Object(App/Notifications/ResetPassword))
#18 C:/Users/anura/Desktop/Collab/CollabX/vendor/laravel/framework/src/Illuminate/Auth/Passwords/PasswordBroker.php(108): App/Models/User->sendPasswordResetNotification('f40a8b4ef2db6cc...')
#19 C:/Users/anura/Desktop/Collab/CollabX/vendor/laravel/framework/src/Illuminate/Support/Timebox.php(34): Illuminate/Auth/Passwords/PasswordBroker->Illuminate/Auth/Passwords/{closure}(Object(Illuminate/Support/Timebox))
#20 C:/Users/anura/Desktop/Collab/CollabX/vendor/laravel/framework/src/Illuminate/Auth/Passwords/PasswordBroker.php(85): Illuminate/Support/Timebox->call(Object(Closure), 200000)
#21 C:/Users/anura/Desktop/Collab/CollabX/vendor/laravel/framework/src/Illuminate/Auth/Passwords/PasswordBrokerManager.php(154): Illuminate/Auth/Passwords/PasswordBroker->sendResetLink(Object(SensitiveParameterValue))
#22 C:/Users/anura/Desktop/Collab/CollabX/vendor/laravel/framework/src/Illuminate/Support/Facades/Facade.php(361): Illuminate/Auth/Passwords/PasswordBrokerManager->__call('sendResetLink', Array)
#23 C:/Users/anura/Desktop/Collab/CollabX/app/Http/Controllers/Auth/ResetPasswordController.php(28): Illuminate/Support/Facades/Facade::__callStatic('sendResetLink', Array)
#24 C:/Users/anura/Desktop/Collab/CollabX/vendor/laravel/framework/src/Illuminate/Routing/Controller.php(54): App/Http/Controllers/Auth/ResetPasswordController->store(Object(Illuminate/Http/Request))
#25 C:/Users/anura/Desktop/Collab/CollabX/vendor/laravel/framework/src/Illuminate/Routing/ControllerDispatcher.php(44): Illuminate/Routing/Controller->callAction('store', Array)
#26 C:/Users/anura/Desktop/Collab/CollabX/vendor/laravel/framework/src/Illuminate/Routing/Route.php(266): Illuminate/Routing/ControllerDispatcher->dispatch(Object(Illuminate/Routing/Route), Object(App/Http/Controllers/Auth/ResetPasswordController), 'store')
#27 C:/Users/anura/Desktop/Collab/CollabX/vendor/laravel/framework/src/Illuminate/Routing/Route.php(212): Illuminate/Routing/Route->runController()
#28 C:/Users/anura/Desktop/Collab/CollabX/vendor/laravel/framework/src/Illuminate/Routing/Router.php(808): Illuminate/Routing/Route->run()
#29 C:/Users/anura/Desktop/Collab/CollabX/vendor/laravel/framework/src/Illuminate/Pipeline/Pipeline.php(170): Illuminate/Routing/Router->Illuminate/Routing/{closure}(Object(Illuminate/Http/Request))
#30 C:/Users/anura/Desktop/Collab/CollabX/app/Http/Middleware/RedirectIfAuthenticated.php(28): Illuminate/Pipeline/Pipeline->Illuminate/Pipeline/{closure}(Object(Illuminate/Http/Request))
#31 C:/Users/anura/Desktop/Collab/CollabX/vendor/laravel/framework/src/Illuminate/Pipeline/Pipeline.php(209): App/Http/Middleware/RedirectIfAuthenticated->handle(Object(Illuminate/Http/Request), Object(Closure))
#32 C:/Users/anura/Desktop/Collab/CollabX/vendor/inertiajs/inertia-laravel/src/Middleware.php(87): Illuminate/Pipeline/Pipeline->Illuminate/Pipeline/{closure}(Object(Illuminate/Http/Request))
#33 C:/Users/anura/Desktop/Collab/CollabX/vendor/laravel/framework/src/Illuminate/Pipeline/Pipeline.php(209): Inertia/Middleware->handle(Object(Illuminate/Http/Request), Object(Closure))
#34 C:/Users/anura/Desktop/Collab/CollabX/vendor/laravel/framework/src/Illuminate/Routing/Middleware/SubstituteBindings.php(51): Illuminate/Pipeline/Pipeline->Illuminate/Pipeline/{closure}(Object(Illuminate/Http/Request))
#35 C:/Users/anura/Desktop/Collab/CollabX/vendor/laravel/framework/src/Illuminate/Pipeline/Pipeline.php(209): Illuminate/Routing/Middleware/SubstituteBindings->handle(Object(Illuminate/Http/Request), Object(Closure))
#36 C:/Users/anura/Desktop/Collab/CollabX/vendor/laravel/framework/src/Illuminate/Foundation/Http/Middleware/VerifyCsrfToken.php(88): Illuminate/Pipeline/Pipeline->Illuminate/Pipeline/{closure}(Object(Illuminate/Http/Request))
#37 C:/Users/anura/Desktop/Collab/CollabX/vendor/laravel/framework/src/Illuminate/Pipeline/Pipeline.php(209): Illuminate/Foundation/Http/Middleware/VerifyCsrfToken->handle(Object(Illuminate/Http/Request), Object(Closure))
#38 C:/Users/anura/Desktop/Collab/CollabX/vendor/laravel/framework/src/Illuminate/View/Middleware/ShareErrorsFromSession.php(49): Illuminate/Pipeline/Pipeline->Illuminate/Pipeline/{closure}(Object(Illuminate/Http/Request))
#39 C:/Users/anura/Desktop/Collab/CollabX/vendor/laravel/framework/src/Illuminate/Pipeline/Pipeline.php(209): Illuminate/View/Middleware/ShareErrorsFromSession->handle(Object(Illuminate/Http/Request), Object(Closure))
#40 C:/Users/anura/Desktop/Collab/CollabX/vendor/laravel/framework/src/Illuminate/Session/Middleware/StartSession.php(121): Illuminate/Pipeline/Pipeline->Illuminate/Pipeline/{closure}(Object(Illuminate/Http/Request))
#41 C:/Users/anura/Desktop/Collab/CollabX/vendor/laravel/framework/src/Illuminate/Session/Middleware/StartSession.php(64): Illuminate/Session/Middleware/StartSession->handleStatefulRequest(Object(Illuminate/Http/Request), Object(Illuminate/Session/Store), Object(Closure))
#42 C:/Users/anura/Desktop/Collab/CollabX/vendor/laravel/framework/src/Illuminate/Pipeline/Pipeline.php(209): Illuminate/Session/Middleware/StartSession->handle(Object(Illuminate/Http/Request), Object(Closure))
#43 C:/Users/anura/Desktop/Collab/CollabX/vendor/laravel/framework/src/Illuminate/Cookie/Middleware/AddQueuedCookiesToResponse.php(37): Illuminate/Pipeline/Pipeline->Illuminate/Pipeline/{closure}(Object(Illuminate/Http/Request))
#44 C:/Users/anura/Desktop/Collab/CollabX/vendor/laravel/framework/src/Illuminate/Pipeline/Pipeline.php(209): Illuminate/Cookie/Middleware/AddQueuedCookiesToResponse->handle(Object(Illuminate/Http/Request), Object(Closure))
#45 C:/Users/anura/Desktop/Collab/CollabX/vendor/laravel/framework/src/Illuminate/Cookie/Middleware/EncryptCookies.php(75): Illuminate/Pipeline/Pipeline->Illuminate/Pipeline/{closure}(Object(Illuminate/Http/Request))
#46 C:/Users/anura/Desktop/Collab/CollabX/vendor/laravel/framework/src/Illuminate/Pipeline/Pipeline.php(209): Illuminate/Cookie/Middleware/EncryptCookies->handle(Object(Illuminate/Http/Request), Object(Closure))
#47 C:/Users/anura/Desktop/Collab/CollabX/vendor/laravel/framework/src/Illuminate/Foundation/Http/Middleware/HandlePrecognitiveRequests.php(41): Illuminate/Pipeline/Pipeline->Illuminate/Pipeline/{closure}(Object(Illuminate/Http/Request))
#48 C:/Users/anura/Desktop/Collab/CollabX/vendor/laravel/framework/src/Illuminate/Pipeline/Pipeline.php(209): Illuminate/Foundation/Http/Middleware/HandlePrecognitiveRequests->handle(Object(Illuminate/Http/Request), Object(Closure))
#49 C:/Users/anura/Desktop/Collab/CollabX/vendor/laravel/framework/src/Illuminate/Pipeline/Pipeline.php(127): Illuminate/Pipeline/Pipeline->Illuminate/Pipeline/{closure}(Object(Illuminate/Http/Request))
#50 C:/Users/anura/Desktop/Collab/CollabX/vendor/laravel/framework/src/Illuminate/Routing/Router.php(807): Illuminate/Pipeline/Pipeline->then(Object(Closure))
#51 C:/Users/anura/Desktop/Collab/CollabX/vendor/laravel/framework/src/Illuminate/Routing/Router.php(786): Illuminate/Routing/Router->runRouteWithinStack(Object(Illuminate/Routing/Route), Object(Illuminate/Http/Request))
#52 C:/Users/anura/Desktop/Collab/CollabX/vendor/laravel/framework/src/Illuminate/Routing/Router.php(750): Illuminate/Routing/Router->runRoute(Object(Illuminate/Http/Request), Object(Illuminate/Routing/Route))
#53 C:/Users/anura/Desktop/Collab/CollabX/vendor/laravel/framework/src/Illuminate/Routing/Router.php(739): Illuminate/Routing/Router->dispatchToRoute(Object(Illuminate/Http/Request))
#54 C:/Users/anura/Desktop/Collab/CollabX/vendor/laravel/framework/src/Illuminate/Foundation/Http/Kernel.php(201): Illuminate/Routing/Router->dispatch(Object(Illuminate/Http/Request))
#55 C:/Users/anura/Desktop/Collab/CollabX/vendor/laravel/framework/src/Illuminate/Pipeline/Pipeline.php(170): Illuminate/Foundation/Http/Kernel->Illuminate/Foundation/Http/{closure}(Object(Illuminate/Http/Request))
#56 C:/Users/anura/Desktop/Collab/CollabX/vendor/laravel/framework/src/Illuminate/Foundation/Http/Middleware/TransformsRequest.php(21): Illuminate/Pipeline/Pipeline->Illuminate/Pipeline/{closure}(Object(Illuminate/Http/Request))
#57 C:/Users/anura/Desktop/Collab/CollabX/vendor/laravel/framework/src/Illuminate/Foundation/Http/Middleware/ConvertEmptyStringsToNull.php(31): Illuminate/Foundation/Http/Middleware/TransformsRequest->handle(Object(Illuminate/Http/Request), Object(Closure))
#58 C:/Users/anura/Desktop/Collab/CollabX/vendor/laravel/framework/src/Illuminate/Pipeline/Pipeline.php(209): Illuminate/Foundation/Http/Middleware/ConvertEmptyStringsToNull->handle(Object(Illuminate/Http/Request), Object(Closure))
#59 C:/Users/anura/Desktop/Collab/CollabX/vendor/laravel/framework/src/Illuminate/Foundation/Http/Middleware/TransformsRequest.php(21): Illuminate/Pipeline/Pipeline->Illuminate/Pipeline/{closure}(Object(Illuminate/Http/Request))
#60 C:/Users/anura/Desktop/Collab/CollabX/vendor/laravel/framework/src/Illuminate/Foundation/Http/Middleware/TrimStrings.php(51): Illuminate/Foundation/Http/Middleware/TransformsRequest->handle(Object(Illuminate/Http/Request), Object(Closure))
#61 C:/Users/anura/Desktop/Collab/CollabX/vendor/laravel/framework/src/Illuminate/Pipeline/Pipeline.php(209): Illuminate/Foundation/Http/Middleware/TrimStrings->handle(Object(Illuminate/Http/Request), Object(Closure))
#62 C:/Users/anura/Desktop/Collab/CollabX/vendor/laravel/framework/src/Illuminate/Http/Middleware/ValidatePostSize.php(27): Illuminate/Pipeline/Pipeline->Illuminate/Pipeline/{closure}(Object(Illuminate/Http/Request))
#63 C:/Users/anura/Desktop/Collab/CollabX/vendor/laravel/framework/src/Illuminate/Pipeline/Pipeline.php(209): Illuminate/Http/Middleware/ValidatePostSize->handle(Object(Illuminate/Http/Request), Object(Closure))
#64 C:/Users/anura/Desktop/Collab/CollabX/vendor/laravel/framework/src/Illuminate/Foundation/Http/Middleware/PreventRequestsDuringMaintenance.php(110): Illuminate/Pipeline/Pipeline->Illuminate/Pipeline/{closure}(Object(Illuminate/Http/Request))
#65 C:/Users/anura/Desktop/Collab/CollabX/vendor/laravel/framework/src/Illuminate/Pipeline/Pipeline.php(209): Illuminate/Foundation/Http/Middleware/PreventRequestsDuringMaintenance->handle(Object(Illuminate/Http/Request), Object(Closure))
#66 C:/Users/anura/Desktop/Collab/CollabX/vendor/laravel/framework/src/Illuminate/Http/Middleware/HandleCors.php(49): Illuminate/Pipeline/Pipeline->Illuminate/Pipeline/{closure}(Object(Illuminate/Http/Request))
#67 C:/Users/anura/Desktop/Collab/CollabX/vendor/laravel/framework/src/Illuminate/Pipeline/Pipeline.php(209): Illuminate/Http/Middleware/HandleCors->handle(Object(Illuminate/Http/Request), Object(Closure))
#68 C:/Users/anura/Desktop/Collab/CollabX/vendor/laravel/framework/src/Illuminate/Http/Middleware/TrustProxies.php(58): Illuminate/Pipeline/Pipeline->Illuminate/Pipeline/{closure}(Object(Illuminate/Http/Request))
#69 C:/Users/anura/Desktop/Collab/CollabX/vendor/laravel/framework/src/Illuminate/Pipeline/Pipeline.php(209): Illuminate/Http/Middleware/TrustProxies->handle(Object(Illuminate/Http/Request), Object(Closure))
#70 C:/Users/anura/Desktop/Collab/CollabX/vendor/itsgoingd/clockwork/Clockwork/Support/Laravel/ClockworkMiddleware.php(24): Illuminate/Pipeline/Pipeline->Illuminate/Pipeline/{closure}(Object(Illuminate/Http/Request))
#71 C:/Users/anura/Desktop/Collab/CollabX/vendor/laravel/framework/src/Illuminate/Pipeline/Pipeline.php(209): Clockwork/Support/Laravel/ClockworkMiddleware->handle(Object(Illuminate/Http/Request), Object(Closure))
#72 C:/Users/anura/Desktop/Collab/CollabX/vendor/laravel/framework/src/Illuminate/Pipeline/Pipeline.php(127): Illuminate/Pipeline/Pipeline->Illuminate/Pipeline/{closure}(Object(Illuminate/Http/Request))
#73 C:/Users/anura/Desktop/Collab/CollabX/vendor/laravel/framework/src/Illuminate/Foundation/Http/Kernel.php(176): Illuminate/Pipeline/Pipeline->then(Object(Closure))
#74 C:/Users/anura/Desktop/Collab/CollabX/vendor/laravel/framework/src/Illuminate/Foundation/Http/Kernel.php(145): Illuminate/Foundation/Http/Kernel->sendRequestThroughRouter(Object(Illuminate/Http/Request))
#75 C:/Users/anura/Desktop/Collab/CollabX/public/index.php(51): Illuminate/Foundation/Http/Kernel->handle(Object(Illuminate/Http/Request))
#76 C:/Users/anura/Desktop/Collab/CollabX/vendor/laravel/framework/src/Illuminate/Foundation/resources/server.php(23): require_once('C://Users//anura//...')
#77 {main}
"} 
[2026-05-19 13:33:11] local.ERROR: Undefined property: App\Notifications\ResetPassword::$guard {"exception":"[object] (ErrorException(code: 0): Undefined property: App\\Notifications\\ResetPassword::$guard at C:/Users/anura/Desktop/Collab/CollabX/app/Notifications/ResetPassword.php:36)
[stacktrace]
#0 C:/Users/anura/Desktop/Collab/CollabX/vendor/laravel/framework/src/Illuminate/Foundation/Bootstrap/HandleExceptions.php(258): Illuminate/Foundation/Bootstrap/HandleExceptions->handleError(2, 'Undefined prope...', 'C://Users//anura//...', 36)
#1 C:/Users/anura/Desktop/Collab/CollabX/app/Notifications/ResetPassword.php(36): Illuminate/Foundation/Bootstrap/HandleExceptions->Illuminate/Foundation/Bootstrap/{closure}(2, 'Undefined prope...', 'C://Users//anura//...', 36)
#2 C:/Users/anura/Desktop/Collab/CollabX/vendor/itsgoingd/clockwork/Clockwork/DataSource/LaravelNotificationsDataSource.php(152): App/Notifications/ResetPassword->toMail(Object(App/Models/User))
#3 C:/Users/anura/Desktop/Collab/CollabX/vendor/itsgoingd/clockwork/Clockwork/DataSource/LaravelNotificationsDataSource.php(99): Clockwork/DataSource/LaravelNotificationsDataSource->resolveChannelSpecific(Object(Illuminate/Notifications/Events/NotificationSending))
#4 C:/Users/anura/Desktop/Collab/CollabX/vendor/itsgoingd/clockwork/Clockwork/DataSource/LaravelNotificationsDataSource.php(49): Clockwork/DataSource/LaravelNotificationsDataSource->sendingNotification(Object(Illuminate/Notifications/Events/NotificationSending))
#5 C:/Users/anura/Desktop/Collab/CollabX/vendor/laravel/framework/src/Illuminate/Events/Dispatcher.php(459): Clockwork/DataSource/LaravelNotificationsDataSource->Clockwork/DataSource/{closure}(Object(Illuminate/Notifications/Events/NotificationSending))
#6 C:/Users/anura/Desktop/Collab/CollabX/vendor/laravel/framework/src/Illuminate/Events/Dispatcher.php(287): Illuminate/Events/Dispatcher->Illuminate/Events/{closure}('Illuminate//Noti...', Array)
#7 C:/Users/anura/Desktop/Collab/CollabX/vendor/laravel/framework/src/Illuminate/Events/Dispatcher.php(267): Illuminate/Events/Dispatcher->invokeListeners('Illuminate//Noti...', Array, true)
#8 C:/Users/anura/Desktop/Collab/CollabX/vendor/laravel/framework/src/Illuminate/Events/Dispatcher.php(233): Illuminate/Events/Dispatcher->dispatch('Illuminate//Noti...', Array, true)
#9 C:/Users/anura/Desktop/Collab/CollabX/vendor/laravel/framework/src/Illuminate/Notifications/NotificationSender.php(170): Illuminate/Events/Dispatcher->until(Object(Illuminate/Notifications/Events/NotificationSending))
#10 C:/Users/anura/Desktop/Collab/CollabX/vendor/laravel/framework/src/Illuminate/Notifications/NotificationSender.php(144): Illuminate/Notifications/NotificationSender->shouldSendNotification(Object(App/Models/User), Object(App/Notifications/ResetPassword), 'mail')
#11 C:/Users/anura/Desktop/Collab/CollabX/vendor/laravel/framework/src/Illuminate/Notifications/NotificationSender.php(106): Illuminate/Notifications/NotificationSender->sendToNotifiable(Object(App/Models/User), '81f3b850-d5dd-4...', Object(App/Notifications/ResetPassword), 'mail')
#12 C:/Users/anura/Desktop/Collab/CollabX/vendor/laravel/framework/src/Illuminate/Support/Traits/Localizable.php(19): Illuminate/Notifications/NotificationSender->Illuminate/Notifications/{closure}()
#13 C:/Users/anura/Desktop/Collab/CollabX/vendor/laravel/framework/src/Illuminate/Notifications/NotificationSender.php(101): Illuminate/Notifications/NotificationSender->withLocale(NULL, Object(Closure))
#14 C:/Users/anura/Desktop/Collab/CollabX/vendor/laravel/framework/src/Illuminate/Notifications/NotificationSender.php(79): Illuminate/Notifications/NotificationSender->sendNow(Object(Illuminate/Database/Eloquent/Collection), Object(App/Notifications/ResetPassword))
#15 C:/Users/anura/Desktop/Collab/CollabX/vendor/laravel/framework/src/Illuminate/Notifications/ChannelManager.php(39): Illuminate/Notifications/NotificationSender->send(Object(Illuminate/Database/Eloquent/Collection), Object(App/Notifications/ResetPassword))
#16 C:/Users/anura/Desktop/Collab/CollabX/vendor/laravel/framework/src/Illuminate/Notifications/RoutesNotifications.php(18): Illuminate/Notifications/ChannelManager->send(Object(App/Models/User), Object(App/Notifications/ResetPassword))
#17 C:/Users/anura/Desktop/Collab/CollabX/app/Models/User.php(125): App/Models/User->notify(Object(App/Notifications/ResetPassword))
#18 C:/Users/anura/Desktop/Collab/CollabX/vendor/laravel/framework/src/Illuminate/Auth/Passwords/PasswordBroker.php(108): App/Models/User->sendPasswordResetNotification('f09c48370cf06b3...')
#19 C:/Users/anura/Desktop/Collab/CollabX/vendor/laravel/framework/src/Illuminate/Support/Timebox.php(34): Illuminate/Auth/Passwords/PasswordBroker->Illuminate/Auth/Passwords/{closure}(Object(Illuminate/Support/Timebox))
#20 C:/Users/anura/Desktop/Collab/CollabX/vendor/laravel/framework/src/Illuminate/Auth/Passwords/PasswordBroker.php(85): Illuminate/Support/Timebox->call(Object(Closure), 200000)
#21 C:/Users/anura/Desktop/Collab/CollabX/vendor/laravel/framework/src/Illuminate/Auth/Passwords/PasswordBrokerManager.php(154): Illuminate/Auth/Passwords/PasswordBroker->sendResetLink(Object(SensitiveParameterValue))
#22 C:/Users/anura/Desktop/Collab/CollabX/vendor/laravel/framework/src/Illuminate/Support/Facades/Facade.php(361): Illuminate/Auth/Passwords/PasswordBrokerManager->__call('sendResetLink', Array)
#23 C:/Users/anura/Desktop/Collab/CollabX/app/Http/Controllers/Auth/ResetPasswordController.php(28): Illuminate/Support/Facades/Facade::__callStatic('sendResetLink', Array)
#24 C:/Users/anura/Desktop/Collab/CollabX/vendor/laravel/framework/src/Illuminate/Routing/Controller.php(54): App/Http/Controllers/Auth/ResetPasswordController->store(Object(Illuminate/Http/Request))
#25 C:/Users/anura/Desktop/Collab/CollabX/vendor/laravel/framework/src/Illuminate/Routing/ControllerDispatcher.php(44): Illuminate/Routing/Controller->callAction('store', Array)
#26 C:/Users/anura/Desktop/Collab/CollabX/vendor/laravel/framework/src/Illuminate/Routing/Route.php(266): Illuminate/Routing/ControllerDispatcher->dispatch(Object(Illuminate/Routing/Route), Object(App/Http/Controllers/Auth/ResetPasswordController), 'store')
#27 C:/Users/anura/Desktop/Collab/CollabX/vendor/laravel/framework/src/Illuminate/Routing/Route.php(212): Illuminate/Routing/Route->runController()
#28 C:/Users/anura/Desktop/Collab/CollabX/vendor/laravel/framework/src/Illuminate/Routing/Router.php(808): Illuminate/Routing/Route->run()
#29 C:/Users/anura/Desktop/Collab/CollabX/vendor/laravel/framework/src/Illuminate/Pipeline/Pipeline.php(170): Illuminate/Routing/Router->Illuminate/Routing/{closure}(Object(Illuminate/Http/Request))
#30 C:/Users/anura/Desktop/Collab/CollabX/app/Http/Middleware/RedirectIfAuthenticated.php(28): Illuminate/Pipeline/Pipeline->Illuminate/Pipeline/{closure}(Object(Illuminate/Http/Request))
#31 C:/Users/anura/Desktop/Collab/CollabX/vendor/laravel/framework/src/Illuminate/Pipeline/Pipeline.php(209): App/Http/Middleware/RedirectIfAuthenticated->handle(Object(Illuminate/Http/Request), Object(Closure))
#32 C:/Users/anura/Desktop/Collab/CollabX/vendor/inertiajs/inertia-laravel/src/Middleware.php(87): Illuminate/Pipeline/Pipeline->Illuminate/Pipeline/{closure}(Object(Illuminate/Http/Request))
#33 C:/Users/anura/Desktop/Collab/CollabX/vendor/laravel/framework/src/Illuminate/Pipeline/Pipeline.php(209): Inertia/Middleware->handle(Object(Illuminate/Http/Request), Object(Closure))
#34 C:/Users/anura/Desktop/Collab/CollabX/vendor/laravel/framework/src/Illuminate/Routing/Middleware/SubstituteBindings.php(51): Illuminate/Pipeline/Pipeline->Illuminate/Pipeline/{closure}(Object(Illuminate/Http/Request))
#35 C:/Users/anura/Desktop/Collab/CollabX/vendor/laravel/framework/src/Illuminate/Pipeline/Pipeline.php(209): Illuminate/Routing/Middleware/SubstituteBindings->handle(Object(Illuminate/Http/Request), Object(Closure))
#36 C:/Users/anura/Desktop/Collab/CollabX/vendor/laravel/framework/src/Illuminate/Foundation/Http/Middleware/VerifyCsrfToken.php(88): Illuminate/Pipeline/Pipeline->Illuminate/Pipeline/{closure}(Object(Illuminate/Http/Request))
#37 C:/Users/anura/Desktop/Collab/CollabX/vendor/laravel/framework/src/Illuminate/Pipeline/Pipeline.php(209): Illuminate/Foundation/Http/Middleware/VerifyCsrfToken->handle(Object(Illuminate/Http/Request), Object(Closure))
#38 C:/Users/anura/Desktop/Collab/CollabX/vendor/laravel/framework/src/Illuminate/View/Middleware/ShareErrorsFromSession.php(49): Illuminate/Pipeline/Pipeline->Illuminate/Pipeline/{closure}(Object(Illuminate/Http/Request))
#39 C:/Users/anura/Desktop/Collab/CollabX/vendor/laravel/framework/src/Illuminate/Pipeline/Pipeline.php(209): Illuminate/View/Middleware/ShareErrorsFromSession->handle(Object(Illuminate/Http/Request), Object(Closure))
#40 C:/Users/anura/Desktop/Collab/CollabX/vendor/laravel/framework/src/Illuminate/Session/Middleware/StartSession.php(121): Illuminate/Pipeline/Pipeline->Illuminate/Pipeline/{closure}(Object(Illuminate/Http/Request))
#41 C:/Users/anura/Desktop/Collab/CollabX/vendor/laravel/framework/src/Illuminate/Session/Middleware/StartSession.php(64): Illuminate/Session/Middleware/StartSession->handleStatefulRequest(Object(Illuminate/Http/Request), Object(Illuminate/Session/Store), Object(Closure))
#42 C:/Users/anura/Desktop/Collab/CollabX/vendor/laravel/framework/src/Illuminate/Pipeline/Pipeline.php(209): Illuminate/Session/Middleware/StartSession->handle(Object(Illuminate/Http/Request), Object(Closure))
#43 C:/Users/anura/Desktop/Collab/CollabX/vendor/laravel/framework/src/Illuminate/Cookie/Middleware/AddQueuedCookiesToResponse.php(37): Illuminate/Pipeline/Pipeline->Illuminate/Pipeline/{closure}(Object(Illuminate/Http/Request))
#44 C:/Users/anura/Desktop/Collab/CollabX/vendor/laravel/framework/src/Illuminate/Pipeline/Pipeline.php(209): Illuminate/Cookie/Middleware/AddQueuedCookiesToResponse->handle(Object(Illuminate/Http/Request), Object(Closure))
#45 C:/Users/anura/Desktop/Collab/CollabX/vendor/laravel/framework/src/Illuminate/Cookie/Middleware/EncryptCookies.php(75): Illuminate/Pipeline/Pipeline->Illuminate/Pipeline/{closure}(Object(Illuminate/Http/Request))
#46 C:/Users/anura/Desktop/Collab/CollabX/vendor/laravel/framework/src/Illuminate/Pipeline/Pipeline.php(209): Illuminate/Cookie/Middleware/EncryptCookies->handle(Object(Illuminate/Http/Request), Object(Closure))
#47 C:/Users/anura/Desktop/Collab/CollabX/vendor/laravel/framework/src/Illuminate/Foundation/Http/Middleware/HandlePrecognitiveRequests.php(41): Illuminate/Pipeline/Pipeline->Illuminate/Pipeline/{closure}(Object(Illuminate/Http/Request))
#48 C:/Users/anura/Desktop/Collab/CollabX/vendor/laravel/framework/src/Illuminate/Pipeline/Pipeline.php(209): Illuminate/Foundation/Http/Middleware/HandlePrecognitiveRequests->handle(Object(Illuminate/Http/Request), Object(Closure))
#49 C:/Users/anura/Desktop/Collab/CollabX/vendor/laravel/framework/src/Illuminate/Pipeline/Pipeline.php(127): Illuminate/Pipeline/Pipeline->Illuminate/Pipeline/{closure}(Object(Illuminate/Http/Request))
#50 C:/Users/anura/Desktop/Collab/CollabX/vendor/laravel/framework/src/Illuminate/Routing/Router.php(807): Illuminate/Pipeline/Pipeline->then(Object(Closure))
#51 C:/Users/anura/Desktop/Collab/CollabX/vendor/laravel/framework/src/Illuminate/Routing/Router.php(786): Illuminate/Routing/Router->runRouteWithinStack(Object(Illuminate/Routing/Route), Object(Illuminate/Http/Request))
#52 C:/Users/anura/Desktop/Collab/CollabX/vendor/laravel/framework/src/Illuminate/Routing/Router.php(750): Illuminate/Routing/Router->runRoute(Object(Illuminate/Http/Request), Object(Illuminate/Routing/Route))
#53 C:/Users/anura/Desktop/Collab/CollabX/vendor/laravel/framework/src/Illuminate/Routing/Router.php(739): Illuminate/Routing/Router->dispatchToRoute(Object(Illuminate/Http/Request))
#54 C:/Users/anura/Desktop/Collab/CollabX/vendor/laravel/framework/src/Illuminate/Foundation/Http/Kernel.php(201): Illuminate/Routing/Router->dispatch(Object(Illuminate/Http/Request))
#55 C:/Users/anura/Desktop/Collab/CollabX/vendor/laravel/framework/src/Illuminate/Pipeline/Pipeline.php(170): Illuminate/Foundation/Http/Kernel->Illuminate/Foundation/Http/{closure}(Object(Illuminate/Http/Request))
#56 C:/Users/anura/Desktop/Collab/CollabX/vendor/laravel/framework/src/Illuminate/Foundation/Http/Middleware/TransformsRequest.php(21): Illuminate/Pipeline/Pipeline->Illuminate/Pipeline/{closure}(Object(Illuminate/Http/Request))
#57 C:/Users/anura/Desktop/Collab/CollabX/vendor/laravel/framework/src/Illuminate/Foundation/Http/Middleware/ConvertEmptyStringsToNull.php(31): Illuminate/Foundation/Http/Middleware/TransformsRequest->handle(Object(Illuminate/Http/Request), Object(Closure))
#58 C:/Users/anura/Desktop/Collab/CollabX/vendor/laravel/framework/src/Illuminate/Pipeline/Pipeline.php(209): Illuminate/Foundation/Http/Middleware/ConvertEmptyStringsToNull->handle(Object(Illuminate/Http/Request), Object(Closure))
#59 C:/Users/anura/Desktop/Collab/CollabX/vendor/laravel/framework/src/Illuminate/Foundation/Http/Middleware/TransformsRequest.php(21): Illuminate/Pipeline/Pipeline->Illuminate/Pipeline/{closure}(Object(Illuminate/Http/Request))
#60 C:/Users/anura/Desktop/Collab/CollabX/vendor/laravel/framework/src/Illuminate/Foundation/Http/Middleware/TrimStrings.php(51): Illuminate/Foundation/Http/Middleware/TransformsRequest->handle(Object(Illuminate/Http/Request), Object(Closure))
#61 C:/Users/anura/Desktop/Collab/CollabX/vendor/laravel/framework/src/Illuminate/Pipeline/Pipeline.php(209): Illuminate/Foundation/Http/Middleware/TrimStrings->handle(Object(Illuminate/Http/Request), Object(Closure))
#62 C:/Users/anura/Desktop/Collab/CollabX/vendor/laravel/framework/src/Illuminate/Http/Middleware/ValidatePostSize.php(27): Illuminate/Pipeline/Pipeline->Illuminate/Pipeline/{closure}(Object(Illuminate/Http/Request))
#63 C:/Users/anura/Desktop/Collab/CollabX/vendor/laravel/framework/src/Illuminate/Pipeline/Pipeline.php(209): Illuminate/Http/Middleware/ValidatePostSize->handle(Object(Illuminate/Http/Request), Object(Closure))
#64 C:/Users/anura/Desktop/Collab/CollabX/vendor/laravel/framework/src/Illuminate/Foundation/Http/Middleware/PreventRequestsDuringMaintenance.php(110): Illuminate/Pipeline/Pipeline->Illuminate/Pipeline/{closure}(Object(Illuminate/Http/Request))
#65 C:/Users/anura/Desktop/Collab/CollabX/vendor/laravel/framework/src/Illuminate/Pipeline/Pipeline.php(209): Illuminate/Foundation/Http/Middleware/PreventRequestsDuringMaintenance->handle(Object(Illuminate/Http/Request), Object(Closure))
#66 C:/Users/anura/Desktop/Collab/CollabX/vendor/laravel/framework/src/Illuminate/Http/Middleware/HandleCors.php(49): Illuminate/Pipeline/Pipeline->Illuminate/Pipeline/{closure}(Object(Illuminate/Http/Request))
#67 C:/Users/anura/Desktop/Collab/CollabX/vendor/laravel/framework/src/Illuminate/Pipeline/Pipeline.php(209): Illuminate/Http/Middleware/HandleCors->handle(Object(Illuminate/Http/Request), Object(Closure))
#68 C:/Users/anura/Desktop/Collab/CollabX/vendor/laravel/framework/src/Illuminate/Http/Middleware/TrustProxies.php(58): Illuminate/Pipeline/Pipeline->Illuminate/Pipeline/{closure}(Object(Illuminate/Http/Request))
#69 C:/Users/anura/Desktop/Collab/CollabX/vendor/laravel/framework/src/Illuminate/Pipeline/Pipeline.php(209): Illuminate/Http/Middleware/TrustProxies->handle(Object(Illuminate/Http/Request), Object(Closure))
#70 C:/Users/anura/Desktop/Collab/CollabX/vendor/itsgoingd/clockwork/Clockwork/Support/Laravel/ClockworkMiddleware.php(24): Illuminate/Pipeline/Pipeline->Illuminate/Pipeline/{closure}(Object(Illuminate/Http/Request))
#71 C:/Users/anura/Desktop/Collab/CollabX/vendor/laravel/framework/src/Illuminate/Pipeline/Pipeline.php(209): Clockwork/Support/Laravel/ClockworkMiddleware->handle(Object(Illuminate/Http/Request), Object(Closure))
#72 C:/Users/anura/Desktop/Collab/CollabX/vendor/laravel/framework/src/Illuminate/Pipeline/Pipeline.php(127): Illuminate/Pipeline/Pipeline->Illuminate/Pipeline/{closure}(Object(Illuminate/Http/Request))
#73 C:/Users/anura/Desktop/Collab/CollabX/vendor/laravel/framework/src/Illuminate/Foundation/Http/Kernel.php(176): Illuminate/Pipeline/Pipeline->then(Object(Closure))
#74 C:/Users/anura/Desktop/Collab/CollabX/vendor/laravel/framework/src/Illuminate/Foundation/Http/Kernel.php(145): Illuminate/Foundation/Http/Kernel->sendRequestThroughRouter(Object(Illuminate/Http/Request))
#75 C:/Users/anura/Desktop/Collab/CollabX/public/index.php(51): Illuminate/Foundation/Http/Kernel->handle(Object(Illuminate/Http/Request))
#76 C:/Users/anura/Desktop/Collab/CollabX/vendor/laravel/framework/src/Illuminate/Foundation/resources/server.php(23): require_once('C://Users//anura//...')
#77 {main}
"} 
